POINT (-71.0760443807948 42.35315925057316),1,LIGHT,42.35315925,-71.07604438
POINT (-71.07538171240694 42.353347768071195),2,LIGHT,42.35334777,-71.07538171
POINT (-71.07477488057383 42.35352052068278),3,LIGHT,42.35352052,-71.07477488
POINT (-71.07440373484715 42.3535558201314),4,LIGHT,42.35355582,-71.07440373
POINT (-71.07362079549182 42.35381056415504),5,LIGHT,42.35381056,-71.0736208
POINT (-71.07325501418602 42.3539109113942),6,LIGHT,42.35391091,-71.07325501
POINT (-71.07292162030087 42.354000153832814),7,LIGHT,42.35400015,-71.07292162
POINT (-71.0724038233387 42.35414092034717),8,LIGHT,42.35414092,-71.07240382
POINT (-71.07866370176541 42.35492688534045),9,LIGHT,42.35492689,-71.0786637
POINT (-71.07921632936232 42.35482231438127),10,LIGHT,42.35482231,-71.07921633
POINT (-71.07788136735387 42.354936210772486),11,LIGHT,42.35493621,-71.07788137
POINT (-71.07830036903032 42.35482384868488),12,LIGHT,42.35482385,-71.07830037
POINT (-71.0787153620535 42.3547115433116),13,LIGHT,42.35471154,-71.07871536
POINT (-71.07868287082087 42.35440771763967),14,LIGHT,42.35440772,-71.07868287
POINT (-71.07832715189859 42.35458708141286),15,LIGHT,42.35458708,-71.07832715
POINT (-71.07837408117462 42.354682161188286),16,LIGHT,42.35468216,-71.07837408
POINT (-71.07815584563978 42.35474356821135),17,LIGHT,42.35474357,-71.07815585
POINT (-71.0781074115781 42.354645750445385),18,LIGHT,42.35464575,-71.07810741
POINT (-71.07788798546109 42.354705475352354),19,LIGHT,42.35470548,-71.07788799
POINT (-71.07793581226376 42.35480202877476),20,LIGHT,42.35480203,-71.07793581
POINT (-71.07771889930284 42.35485938041514),21,LIGHT,42.35485938,-71.0777189
POINT (-71.07767367685199 42.354763851094226),22,LIGHT,42.35476385,-71.07767368
POINT (-71.07965622854367 42.35357198839011),23,LIGHT,42.35357199,-71.07965623
POINT (-71.0796414053167 42.35342646616954),24,LIGHT,42.35342647,-71.07964141
POINT (-71.07931457118582 42.353513015104696),25,LIGHT,42.35351302,-71.07931457
POINT (-71.07931637081319 42.35366294076086),26,LIGHT,42.35366294,-71.07931637
POINT (-71.07919458292545 42.35346496783236),27,LIGHT,42.35346497,-71.07919458
POINT (-71.07935464981767 42.35422523652642),28,LIGHT,42.35422524,-71.07935465
POINT (-71.07948826708179 42.35449952149506),29,LIGHT,42.35449952,-71.07948827
POINT (-71.07936017823758 42.35450881129006),30,LIGHT,42.35450881,-71.07936018
POINT (-71.07970944130449 42.354644605163195),31,LIGHT,42.35464461,-71.07970944
POINT (-71.0796452679207 42.346008121897604),32,LIGHT,42.34600812,-71.07964527
POINT (-71.07957350449591 42.34598177176074),33,LIGHT,42.34598177,-71.0795735
POINT (-71.0794690847632 42.3459141182904),34,LIGHT,42.34591412,-71.07946908
POINT (-71.07943409686625 42.34586572026575),35,LIGHT,42.34586572,-71.0794341
POINT (-71.07954674216921 42.34580594590718),36,LIGHT,42.34580595,-71.07954674
POINT (-71.07971689385242 42.34586241938715),37,LIGHT,42.34586242,-71.07971689
POINT (-71.07926475848626 42.345754320724595),38,LIGHT,42.34575432,-71.07926476
POINT (-71.07961295357629 42.34579403135921),39,LIGHT,42.34579403,-71.07961295
POINT (-71.07978038334687 42.34565603261844),40,LIGHT,42.34565603,-71.07978038
POINT (-71.0791201129774 42.345733645520305),41,LIGHT,42.34573365,-71.07912011
POINT (-71.07905502539279 42.3457838650238),42,LIGHT,42.34578387,-71.07905503
POINT (-71.07933175884462 42.34556240393062),43,LIGHT,42.3455624,-71.07933176
POINT (-71.07940695729106 42.34549895545095),44,LIGHT,42.34549896,-71.07940696
POINT (-71.07971352609387 42.34505683652972),45,LIGHT,42.34505684,-71.07971353
POINT (-71.07950820654015 42.34488940845247),46,LIGHT,42.34488941,-71.07950821
POINT (-71.07980853724544 42.3449827701341),47,LIGHT,42.34498277,-71.07980854
POINT (-71.07958547710398 42.34483249994838),48,LIGHT,42.3448325,-71.07958548
POINT (-71.07975718882284 42.345944496838364),49,LIGHT,42.3459445,-71.07975719
POINT (-71.07936020912624 42.34567919036736),50,LIGHT,42.34567919,-71.07936021
POINT (-71.07950007594295 42.344761478704626),51,LIGHT,42.34476148,-71.07950008
POINT (-71.07939202472664 42.34485156826443),52,LIGHT,42.34485157,-71.07939202
POINT (-71.07903886813722 42.34746121260283),53,LIGHT,42.34746121,-71.07903887
POINT (-71.07922973868044 42.34730362013082),54,LIGHT,42.34730362,-71.07922974
POINT (-71.07935237146685 42.34720150578617),55,LIGHT,42.34720151,-71.07935237
POINT (-71.07946305334657 42.34711211193871),56,LIGHT,42.34711211,-71.07946305
POINT (-71.07978523851767 42.34709155408269),57,LIGHT,42.34709155,-71.07978524
POINT (-71.07918898155198 42.346584431316266),58,LIGHT,42.34658443,-71.07918898
POINT (-71.0789698297812 42.34648891475738),59,LIGHT,42.34648891,-71.07896983
POINT (-71.07907064604004 42.34639647817619),60,LIGHT,42.34639648,-71.07907065
POINT (-71.07921617534787 42.3462751761299),61,LIGHT,42.34627518,-71.07921618
POINT (-71.0792925864338 42.346057240267086),62,LIGHT,42.34605724,-71.07929259
POINT (-71.07911842246497 42.34620162282211),63,LIGHT,42.34620162,-71.07911842
POINT (-71.07891891331852 42.34636475900909),64,LIGHT,42.34636476,-71.07891891
POINT (-71.07845105818001 42.346207782165294),65,LIGHT,42.34620778,-71.07845106
POINT (-71.07872761913697 42.34639197456211),66,LIGHT,42.34639197,-71.07872762
POINT (-71.07867505599467 42.34621774473031),67,LIGHT,42.34621774,-71.07867506
POINT (-71.07816525074479 42.34601687590121),68,LIGHT,42.34601688,-71.07816525
POINT (-71.07811483611188 42.34586434711245),69,LIGHT,42.34586435,-71.07811484
POINT (-71.07801088470114 42.34595092576594),70,LIGHT,42.34595093,-71.07801088
POINT (-71.07899627411075 42.34583262400933),71,LIGHT,42.34583262,-71.07899627
POINT (-71.07951920436335 42.34680478751521),72,LIGHT,42.34680479,-71.0795192
POINT (-71.07839334491669 42.34603214686314),73,LIGHT,42.34603215,-71.07839334
POINT (-71.07940015848538 42.34612683565246),74,LIGHT,42.34612684,-71.07940016
POINT (-71.07933039042106 42.34667839454465),75,LIGHT,42.34667839,-71.07933039
POINT (-71.0788041090831 42.346066021377936),76,LIGHT,42.34606602,-71.07880411
POINT (-71.0789101892185 42.34590891552973),77,LIGHT,42.34590892,-71.07891019
POINT (-71.07883512077035 42.34796341264806),78,LIGHT,42.34796341,-71.07883512
POINT (-71.07856712017492 42.348017705022926),79,LIGHT,42.34801771,-71.07856712
POINT (-71.07845333336779 42.34815991212866),80,LIGHT,42.34815991,-71.07845333
POINT (-71.07740015546328 42.348927969810205),81,LIGHT,42.34892797,-71.07740016
POINT (-71.07756821218248 42.34900252286307),82,LIGHT,42.34900252,-71.07756821
POINT (-71.07817638650275 42.34850351280851),83,LIGHT,42.34850351,-71.07817639
POINT (-71.07864310400466 42.34808145134264),84,LIGHT,42.34808145,-71.0786431
POINT (-71.07872799135843 42.348095281152105),85,LIGHT,42.34809528,-71.07872799
POINT (-71.07839758478646 42.34787968192624),86,LIGHT,42.34787968,-71.07839758
POINT (-71.07806253695131 42.34800514201064),87,LIGHT,42.34800514,-71.07806254
POINT (-71.07815777670399 42.34813129640357),88,LIGHT,42.3481313,-71.07815778
POINT (-71.07807626686453 42.34837139321156),89,LIGHT,42.34837139,-71.07807627
POINT (-71.07774433321582 42.34864460163987),90,LIGHT,42.3486446,-71.07774433
POINT (-71.07784841112986 42.3479153082344),91,LIGHT,42.34791531,-71.07784841
POINT (-71.07715198909635 42.34802350681811),92,LIGHT,42.34802351,-71.07715199
POINT (-71.07736435943218 42.3479672415053),93,LIGHT,42.34796724,-71.07736436
POINT (-71.07766548912765 42.34902484279925),94,LIGHT,42.34902484,-71.07766549
POINT (-71.07898203516652 42.34860635640598),95,LIGHT,42.34860636,-71.07898204
POINT (-71.07895986795145 42.34867936720513),96,LIGHT,42.34867937,-71.07895987
POINT (-71.07917065249958 42.348642271665035),97,LIGHT,42.34864227,-71.07917065
POINT (-71.07909411933134 42.34886707971397),98,LIGHT,42.34886708,-71.07909412
POINT (-71.07927256816807 42.349231678272496),99,LIGHT,42.34923168,-71.07927257
POINT (-71.07866604803715 42.34965185708962),100,LIGHT,42.34965186,-71.07866605
POINT (-71.07903784116029 42.3495528381036),101,LIGHT,42.34955284,-71.07903784
POINT (-71.078412507256 42.349720951564684),102,LIGHT,42.34972095,-71.07841251
POINT (-71.07929508323383 42.34948507562102),103,LIGHT,42.34948508,-71.07929508
POINT (-71.07937836820217 42.349619928834585),104,LIGHT,42.34961993,-71.07937837
POINT (-71.0791165488298 42.34968932408304),105,LIGHT,42.34968932,-71.07911655
POINT (-71.07888133461874 42.3497532550747),106,LIGHT,42.34975326,-71.07888133
POINT (-71.07846771344387 42.34986515104455),107,LIGHT,42.34986515,-71.07846771
POINT (-71.07949589658142 42.34966100953584),108,LIGHT,42.34966101,-71.0794959
POINT (-71.07959671901055 42.349868581116525),109,LIGHT,42.34986858,-71.07959672
POINT (-71.07975123684899 42.35017813486503),110,LIGHT,42.35017813,-71.07975124
POINT (-71.07976836826805 42.35039726891236),111,LIGHT,42.35039727,-71.07976837
POINT (-71.0795979301581 42.350444711563746),112,LIGHT,42.35044471,-71.07959793
POINT (-71.07940941080831 42.35049344817024),113,LIGHT,42.35049345,-71.07940941
POINT (-71.07964261378143 42.34954496545625),114,LIGHT,42.34954497,-71.07964261
POINT (-71.07696731166688 42.3480627779853),115,LIGHT,42.34806278,-71.07696731
POINT (-71.07670717313519 42.348121685543),116,LIGHT,42.34812169,-71.07670717
POINT (-71.07651296590727 42.348081263988774),117,LIGHT,42.34808126,-71.07651297
POINT (-71.0764148305356 42.34818109868739),118,LIGHT,42.3481811,-71.07641483
POINT (-71.07621194548639 42.348076351223625),119,LIGHT,42.34807635,-71.07621195
POINT (-71.07617609765568 42.34800088358535),120,LIGHT,42.34800088,-71.0761761
POINT (-71.07613902947426 42.34792588138824),121,LIGHT,42.34792588,-71.07613903
POINT (-71.07610297539375 42.34785296439073),122,LIGHT,42.34785296,-71.07610298
POINT (-71.07602480902595 42.34770021808633),123,LIGHT,42.34770022,-71.07602481
POINT (-71.07595982236964 42.347566291412136),124,LIGHT,42.34756629,-71.07595982
POINT (-71.07632360422765 42.34778251943519),125,LIGHT,42.34778252,-71.0763236
POINT (-71.07641378469705 42.34793830235874),126,LIGHT,42.3479383,-71.07641378
POINT (-71.07654075923409 42.3483746660761),127,LIGHT,42.34837467,-71.07654076
POINT (-71.0767701674285 42.34860948387424),128,LIGHT,42.34860948,-71.07677017
POINT (-71.07669644749089 42.34845879358757),129,LIGHT,42.34845879,-71.07669645
POINT (-71.07676570776711 42.34832525529304),130,LIGHT,42.34832526,-71.07676571
POINT (-71.07698331194747 42.34825351592737),131,LIGHT,42.34825352,-71.07698331
POINT (-71.076251984074 42.34763863556943),132,LIGHT,42.34763864,-71.07625198
POINT (-71.07618699276509 42.34750443531749),133,LIGHT,42.34750444,-71.07618699
POINT (-71.07610492431465 42.34733761481413),134,LIGHT,42.34733761,-71.07610492
POINT (-71.07628695854734 42.3472670933622),135,LIGHT,42.34726709,-71.07628696
POINT (-71.07640172677861 42.347171666642446),136,LIGHT,42.34717167,-71.07640173
POINT (-71.07652716031735 42.34716944579571),137,LIGHT,42.34716945,-71.07652716
POINT (-71.07657587846674 42.347067989453045),138,LIGHT,42.34706799,-71.07657588
POINT (-71.07718205637242 42.34894127472018),139,LIGHT,42.34894127,-71.07718206
POINT (-71.07746625265001 42.348707626879786),140,LIGHT,42.34870763,-71.07746625
POINT (-71.07782423396559 42.34841016470292),141,LIGHT,42.34841016,-71.07782423
POINT (-71.07787398820064 42.348040639907865),142,LIGHT,42.34804064,-71.07787399
POINT (-71.0782903533436 42.34773302551789),143,LIGHT,42.34773303,-71.07829035
POINT (-71.07815389460075 42.347845250498416),144,LIGHT,42.34784525,-71.07815389
POINT (-71.07852852522642 42.34767535279698),145,LIGHT,42.34767535,-71.07852853
POINT (-71.07797202312092 42.34775296854245),146,LIGHT,42.34775297,-71.07797202
POINT (-71.07758335770528 42.34790145885826),147,LIGHT,42.34790146,-71.07758336
POINT (-71.07795892374062 42.348945503432674),148,LIGHT,42.3489455,-71.07795892
POINT (-71.078445634981 42.34881550951971),149,LIGHT,42.34881551,-71.07844564
POINT (-71.07824945931259 42.348867620160696),150,LIGHT,42.34886762,-71.07824946
POINT (-71.0777246725156 42.34887466016039),151,LIGHT,42.34887466,-71.07772467
POINT (-71.0777246725156 42.34887466016039),152,LIGHT,42.34887466,-71.07772467
POINT (-71.07954959722355 42.35034169909795),153,LIGHT,42.3503417,-71.0795496
POINT (-71.07972011510881 42.350296279763704),154,LIGHT,42.35029628,-71.07972012
POINT (-71.07936052107395 42.35039389970935),155,LIGHT,42.3503939,-71.07936052
POINT (-71.07919120547282 42.350438405514446),156,LIGHT,42.35043841,-71.07919121
POINT (-71.07837552971587 42.348338673261345),157,LIGHT,42.34833867,-71.07837553
POINT (-71.07670881378455 42.346963216771336),158,LIGHT,42.34696322,-71.07670881
POINT (-71.07731165782761 42.348177084036465),159,LIGHT,42.34817708,-71.07731166
POINT (-71.07759139050698 42.348111143793744),160,LIGHT,42.34811114,-71.07759139
POINT (-71.0793604870707 42.34903056783104),161,LIGHT,42.34903057,-71.07936049
POINT (-71.07888569132359 42.34841578821685),162,LIGHT,42.34841579,-71.07888569
POINT (-71.07786821468454 42.348762107893336),163,LIGHT,42.34876211,-71.07786821
POINT (-71.07881633685655 42.348271873776845),164,LIGHT,42.34827187,-71.07881634
POINT (-71.07951106433124 42.34933539183011),165,LIGHT,42.34933539,-71.07951106
POINT (-71.07960854958344 42.34939887489774),166,LIGHT,42.34939887,-71.07960855
POINT (-71.07800685910473 42.34864627931695),167,LIGHT,42.34864628,-71.07800686
POINT (-71.07954182554542 42.34994431547417),168,LIGHT,42.34994432,-71.07954183
POINT (-71.07949253208253 42.35270520145736),169,LIGHT,42.3527052,-71.07949253
POINT (-71.07969660772505 42.35265077231742),170,LIGHT,42.35265077,-71.07969661
POINT (-71.07932713046517 42.35275177533751),171,LIGHT,42.35275178,-71.07932713
POINT (-71.07926442989917 42.35265207193414),172,LIGHT,42.35265207,-71.07926443
POINT (-71.0794456905321 42.35260401394611),173,LIGHT,42.35260401,-71.07944569
POINT (-71.07965314055463 42.35254897692346),174,LIGHT,42.35254898,-71.07965314
POINT (-71.07908741362864 42.35233943559652),175,LIGHT,42.35233944,-71.07908741
POINT (-71.07944502286765 42.35223884098746),176,LIGHT,42.35223884,-71.07944502
POINT (-71.07974714012875 42.35216003028334),177,LIGHT,42.35216003,-71.07974714
POINT (-71.07854154162462 42.3521356963857),178,LIGHT,42.3521357,-71.07854154
POINT (-71.07852557183425 42.35204429164639),179,LIGHT,42.35204429,-71.07852557
POINT (-71.0783364888807 42.35192015328287),180,LIGHT,42.35192015,-71.07833649
POINT (-71.07872604846737 42.3519929840466),181,LIGHT,42.35199298,-71.07872605
POINT (-71.07890314178938 42.35194496116132),182,LIGHT,42.35194496,-71.07890314
POINT (-71.07913055102713 42.351884157980315),183,LIGHT,42.35188416,-71.07913055
POINT (-71.07933173957646 42.35182840179439),184,LIGHT,42.3518284,-71.07933174
POINT (-71.07950236856236 42.35178332890082),185,LIGHT,42.35178333,-71.07950237
POINT (-71.07972950023938 42.351721561111574),186,LIGHT,42.35172156,-71.0797295
POINT (-71.07842421000898 42.35189745627274),187,LIGHT,42.35189746,-71.07842421
POINT (-71.0783561595429 42.35176344245398),188,LIGHT,42.35176344,-71.07835616
POINT (-71.07826873557617 42.35178528432545),189,LIGHT,42.35178528,-71.07826874
POINT (-71.07809090139273 42.35181462518195),190,LIGHT,42.35181463,-71.0780909
POINT (-71.07812022421865 42.35187126292912),191,LIGHT,42.35187126,-71.07812022
POINT (-71.07865319937572 42.351618752519315),192,LIGHT,42.35161875,-71.0786532
POINT (-71.07962518473647 42.35135582107227),193,LIGHT,42.35135582,-71.07962518
POINT (-71.07830938736575 42.351599049779296),194,LIGHT,42.35159905,-71.07830939
POINT (-71.07847495146632 42.351552525670456),195,LIGHT,42.35155253,-71.07847495
POINT (-71.07868636488868 42.35149592760738),196,LIGHT,42.35149593,-71.07868636
POINT (-71.07887927781813 42.35144446868879),197,LIGHT,42.35144447,-71.07887928
POINT (-71.07910208469254 42.35138337592102),198,LIGHT,42.35138338,-71.07910208
POINT (-71.07928750890636 42.35133344551118),199,LIGHT,42.35133345,-71.07928751
POINT (-71.0795146504973 42.35127143600333),200,LIGHT,42.35127144,-71.07951465
POINT (-71.07972919686381 42.351213050501634),201,LIGHT,42.35121305,-71.0797292
POINT (-71.07794399101586 42.35169695552519),202,LIGHT,42.35169696,-71.07794399
POINT (-71.07796930582731 42.35156218034953),203,LIGHT,42.35156218,-71.07796931
POINT (-71.07824432260458 42.351533232168585),204,LIGHT,42.35153323,-71.07824432
POINT (-71.07806420678808 42.35136518031993),205,LIGHT,42.35136518,-71.07806421
POINT (-71.07786179826829 42.35134060765149),206,LIGHT,42.35134061,-71.0778618
POINT (-71.07826038048873 42.35120165987592),207,LIGHT,42.35120166,-71.07826038
POINT (-71.07850610566739 42.35113517224105),208,LIGHT,42.35113517,-71.07850611
POINT (-71.07809837283331 42.351116312192005),209,LIGHT,42.35111631,-71.07809837
POINT (-71.0780397639592 42.35099436518799),210,LIGHT,42.35099437,-71.07803976
POINT (-71.07801550496016 42.35087135942591),211,LIGHT,42.35087136,-71.07801551
POINT (-71.07788091484588 42.35099221657765),212,LIGHT,42.35099222,-71.07788091
POINT (-71.07796696604437 42.35096677870142),213,LIGHT,42.35096678,-71.07796697
POINT (-71.07805239331334 42.35114025688071),214,LIGHT,42.35114026,-71.07805239
POINT (-71.07796526615624 42.35116338702697),215,LIGHT,42.35116339,-71.07796527
POINT (-71.07769936347412 42.35101615403855),216,LIGHT,42.35101615,-71.07769936
POINT (-71.07759496057601 42.350983391608274),217,LIGHT,42.35098339,-71.07759496
POINT (-71.07754865944251 42.35088262118962),218,LIGHT,42.35088262,-71.07754866
POINT (-71.07756712222944 42.35074400096803),219,LIGHT,42.350744,-71.07756712
POINT (-71.07826255599318 42.35080446754344),220,LIGHT,42.35080447,-71.07826256
POINT (-71.0782133657035 42.350702718982745),221,LIGHT,42.35070272,-71.07821337
POINT (-71.07802927818216 42.35075292355655),222,LIGHT,42.35075292,-71.07802928
POINT (-71.0784551837962 42.35075090791008),223,LIGHT,42.35075091,-71.07845518
POINT (-71.07841120042299 42.35064911640156),224,LIGHT,42.35064912,-71.0784112
POINT (-71.07860904544073 42.35059628596816),225,LIGHT,42.35059629,-71.07860905
POINT (-71.07865848775796 42.350697452795096),226,LIGHT,42.35069745,-71.07865849
POINT (-71.0788407609895 42.350647841965376),227,LIGHT,42.35064784,-71.07884076
POINT (-71.07879313204027 42.35054608136474),228,LIGHT,42.35054608,-71.07879313
POINT (-71.07904894768158 42.350590288813784),229,LIGHT,42.35059029,-71.07904895
POINT (-71.07898682253261 42.35049405703038),230,LIGHT,42.35049406,-71.07898682
POINT (-71.07923565528726 42.35054122026242),231,LIGHT,42.35054122,-71.07923566
POINT (-71.07724585906574 42.351077785341396),232,LIGHT,42.35107779,-71.07724586
POINT (-71.07745121127563 42.351021997329795),233,LIGHT,42.351022,-71.07745121
POINT (-71.07707320541745 42.35112673400286),234,LIGHT,42.35112673,-71.07707321
POINT (-71.07702633342139 42.35102322799103),235,LIGHT,42.35102323,-71.07702633
POINT (-71.07719849446279 42.35097621501498),236,LIGHT,42.35097622,-71.07719849
POINT (-71.07739400835764 42.350923985793806),237,LIGHT,42.35092399,-71.07739401
POINT (-71.07778583082795 42.35042039239172),238,LIGHT,42.35042039,-71.07778583
POINT (-71.0781493235031 42.35032040949347),239,LIGHT,42.35032041,-71.07814932
POINT (-71.07840657211405 42.35025337195291),240,LIGHT,42.35025337,-71.07840657
POINT (-71.077137809531 42.350594403465216),241,LIGHT,42.3505944,-71.07713781
POINT (-71.07559445118982 42.351046345571866),242,LIGHT,42.35104635,-71.07559445
POINT (-71.07775959834404 42.35054209736502),243,LIGHT,42.3505421,-71.0777596
POINT (-71.07767323825314 42.350563881470904),244,LIGHT,42.35056388,-71.07767324
POINT (-71.07776026283487 42.35074369840183),245,LIGHT,42.3507437,-71.07776026
POINT (-71.07784557627981 42.350720370890414),246,LIGHT,42.35072037,-71.07784558
POINT (-71.0775687520666 42.350360470308004),247,LIGHT,42.35036047,-71.07756875
POINT (-71.07736327152227 42.350258110198425),248,LIGHT,42.35025811,-71.07736327
POINT (-71.07749956652212 42.350221559571565),249,LIGHT,42.35022156,-71.07749957
POINT (-71.07715815363646 42.34994086412052),250,LIGHT,42.34994086,-71.07715815
POINT (-71.07756410354955 42.35010869758784),251,LIGHT,42.3501087,-71.0775641
POINT (-71.07714539105575 42.35022203577986),252,LIGHT,42.35022204,-71.07714539
POINT (-71.07690373302971 42.35012186455174),253,LIGHT,42.35012186,-71.07690373
POINT (-71.07733513381919 42.34991545674642),254,LIGHT,42.34991546,-71.07733513
POINT (-71.07750041030914 42.34996888512174),255,LIGHT,42.34996889,-71.07750041
POINT (-71.0778572147381 42.35002967149434),256,LIGHT,42.35002967,-71.07785721
POINT (-71.07816960030172 42.34994626252246),257,LIGHT,42.34994626,-71.0781696
POINT (-71.07783016225244 42.349878325942704),258,LIGHT,42.34987833,-71.07783016
POINT (-71.07809806371371 42.349805232328876),259,LIGHT,42.34980523,-71.07809806
POINT (-71.0769007379906 42.349954281408266),260,LIGHT,42.34995428,-71.07690074
POINT (-71.07674182092171 42.349998789463065),261,LIGHT,42.34999879,-71.07674182
POINT (-71.07669053522079 42.3500784412136),262,LIGHT,42.35007844,-71.07669054
POINT (-71.0766331327936 42.34995939863121),263,LIGHT,42.3499594,-71.07663313
POINT (-71.07647186856057 42.35000294516363),264,LIGHT,42.35000295,-71.07647187
POINT (-71.07630871437334 42.34994607951292),265,LIGHT,42.34994608,-71.07630871
POINT (-71.07593052771414 42.35004949104423),266,LIGHT,42.35004949,-71.07593053
POINT (-71.07640083748035 42.35025666650831),267,LIGHT,42.35025667,-71.07640084
POINT (-71.07666822800184 42.35018550816331),268,LIGHT,42.35018551,-71.07666823
POINT (-71.07653030444013 42.35012222480769),269,LIGHT,42.35012222,-71.0765303
POINT (-71.07637033548758 42.350164031203406),270,LIGHT,42.35016403,-71.07637034
POINT (-71.07607095626253 42.35024509477377),271,LIGHT,42.35024509,-71.07607096
POINT (-71.07591099317695 42.35028883077788),272,LIGHT,42.35028883,-71.07591099
POINT (-71.07587282365468 42.350398969384486),273,LIGHT,42.35039897,-71.07587282
POINT (-71.07595920470972 42.35054325803725),274,LIGHT,42.35054326,-71.0759592
POINT (-71.07612434560421 42.350331123562114),275,LIGHT,42.35033112,-71.07612435
POINT (-71.0761971978323 42.35047775333969),276,LIGHT,42.35047775,-71.0761972
POINT (-71.07646626234198 42.35040546096405),277,LIGHT,42.35040546,-71.07646626
POINT (-71.07672949225822 42.350335468334606),278,LIGHT,42.35033547,-71.07672949
POINT (-71.07694303725732 42.35027773074449),279,LIGHT,42.35027773,-71.07694304
POINT (-71.07585170056399 42.35017130862951),280,LIGHT,42.35017131,-71.0758517
POINT (-71.07572203420676 42.34966504296191),281,LIGHT,42.34966504,-71.07572203
POINT (-71.07547023106561 42.349725743955545),282,LIGHT,42.34972574,-71.07547023
POINT (-71.07522781154437 42.34979028909577),283,LIGHT,42.34979029,-71.07522781
POINT (-71.07497863109867 42.34985755012395),284,LIGHT,42.34985755,-71.07497863
POINT (-71.07607791459664 42.34963662428558),285,LIGHT,42.34963662,-71.07607791
POINT (-71.07619632783491 42.34962501847167),286,LIGHT,42.34962502,-71.07619633
POINT (-71.0763575902393 42.34958108609315),287,LIGHT,42.34958109,-71.07635759
POINT (-71.0765170326528 42.34953812270213),288,LIGHT,42.34953812,-71.07651703
POINT (-71.07667621292164 42.34949458013823),289,LIGHT,42.34949458,-71.07667621
POINT (-71.07674555608426 42.34944444068576),290,LIGHT,42.34944444,-71.07674556
POINT (-71.07669509534225 42.34929854366442),291,LIGHT,42.34929854,-71.0766951
POINT (-71.07640178012082 42.34940180459702),292,LIGHT,42.3494018,-71.07640178
POINT (-71.076068854407 42.34949277652586),293,LIGHT,42.34949278,-71.07606885
POINT (-71.07662524181764 42.349576601692206),294,LIGHT,42.3495766,-71.07662524
POINT (-71.07646580043628 42.34961995146181),295,LIGHT,42.34961995,-71.0764658
POINT (-71.07630531429238 42.349662144788155),296,LIGHT,42.34966214,-71.07630531
POINT (-71.07679299406904 42.34991689284817),297,LIGHT,42.34991689,-71.07679299
POINT (-71.07708654060768 42.34977256858459),298,LIGHT,42.34977257,-71.07708654
POINT (-71.07724521129761 42.34973211586123),299,LIGHT,42.34973212,-71.07724521
POINT (-71.07713801611911 42.349513134563516),300,LIGHT,42.34951313,-71.07713802
POINT (-71.07707275326267 42.34937904371848),301,LIGHT,42.34937904,-71.07707275
POINT (-71.07697751874413 42.34955185185961),302,LIGHT,42.34955185,-71.07697752
POINT (-71.07714052535019 42.3492468366837),303,LIGHT,42.34924684,-71.07714053
POINT (-71.07694460266926 42.349072700081635),304,LIGHT,42.3490727,-71.0769446
POINT (-71.07692771274958 42.348915709024986),305,LIGHT,42.34891571,-71.07692771
POINT (-71.07642325996684 42.34850391671695),306,LIGHT,42.34850392,-71.07642326
POINT (-71.07684504812289 42.34875979395449),307,LIGHT,42.34875979,-71.07684505
POINT (-71.07484264135829 42.34869370592986),308,LIGHT,42.34869371,-71.07484264
POINT (-71.07624854834383 42.3484325181786),309,LIGHT,42.34843252,-71.07624855
POINT (-71.07559705430899 42.34860879993083),310,LIGHT,42.3486088,-71.07559705
POINT (-71.07413527543684 42.34894140002595),311,LIGHT,42.3489414,-71.07413528
POINT (-71.07433814371869 42.34906658499378),312,LIGHT,42.34906659,-71.07433814
POINT (-71.07422265335556 42.34904704962462),313,LIGHT,42.34904705,-71.07422265
POINT (-71.07894254095123 42.35376696870514),314,LIGHT,42.35376697,-71.07894254
POINT (-71.07865194467271 42.3538454332879),315,LIGHT,42.35384543,-71.07865194
POINT (-71.07832330743814 42.35393300183609),316,LIGHT,42.353933,-71.07832331
POINT (-71.07797870259981 42.35402718740346),317,LIGHT,42.35402719,-71.0779787
POINT (-71.07799645568043 42.35386940282203),318,LIGHT,42.3538694,-71.07799646
POINT (-71.07856192163965 42.35371476385354),319,LIGHT,42.35371476,-71.07856192
POINT (-71.07826422857087 42.35379625253443),320,LIGHT,42.35379625,-71.07826423
POINT (-71.07889385534561 42.35362700052942),321,LIGHT,42.353627,-71.07889386
POINT (-71.07895864492377 42.353575189269506),322,LIGHT,42.35357519,-71.07895864
POINT (-71.07903299406732 42.35333623446362),323,LIGHT,42.35333623,-71.07903299
POINT (-71.07911920063397 42.35331047489337),324,LIGHT,42.35331047,-71.0791192
POINT (-71.07882886058157 42.353312510693435),325,LIGHT,42.35331251,-71.07882886
POINT (-71.07910547841972 42.353489336706886),326,LIGHT,42.35348934,-71.07910548
POINT (-71.07892148953653 42.35311091563125),327,LIGHT,42.35311092,-71.07892149
POINT (-71.07867544614892 42.352999919692614),328,LIGHT,42.35299992,-71.07867545
POINT (-71.07884636608028 42.35295781709503),329,LIGHT,42.35295782,-71.07884637
POINT (-71.07893562440528 42.352934312362706),330,LIGHT,42.35293431,-71.07893562
POINT (-71.07901075381193 42.353088916148366),331,LIGHT,42.35308892,-71.07901075
POINT (-71.0785126980789 42.35285622749611),332,LIGHT,42.35285623,-71.0785127
POINT (-71.07856074948761 42.35295817156315),333,LIGHT,42.35295817,-71.07856075
POINT (-71.0789365410432 42.352856585525124),334,LIGHT,42.35285659,-71.07893654
POINT (-71.07871882342891 42.3526988827688),335,LIGHT,42.35269888,-71.07871882
POINT (-71.07880732383877 42.3526763206645),336,LIGHT,42.35267632,-71.07880732
POINT (-71.07864369754152 42.35254465600945),337,LIGHT,42.35254466,-71.0786437
POINT (-71.07873219315425 42.35252096318016),338,LIGHT,42.35252096,-71.07873219
POINT (-71.07851466687416 42.35228341213058),339,LIGHT,42.35228341,-71.07851467
POINT (-71.07860290625827 42.35225877945813),340,LIGHT,42.35225878,-71.07860291
POINT (-71.07845461535642 42.35215946594447),341,LIGHT,42.35215947,-71.07845462
POINT (-71.0784091581295 42.35245829937323),342,LIGHT,42.3524583,-71.07840916
POINT (-71.0769576763259 42.35291479727771),343,LIGHT,42.3529148,-71.07695768
POINT (-71.07738317048394 42.35279994969755),344,LIGHT,42.35279995,-71.07738317
POINT (-71.07786468952416 42.35266598508202),345,LIGHT,42.35266599,-71.07786469
POINT (-71.07829626771873 42.352549993287404),346,LIGHT,42.35254999,-71.07829627
POINT (-71.0785432304048 42.35273343711851),347,LIGHT,42.35273344,-71.07854323
POINT (-71.07847458505836 42.352588340440256),348,LIGHT,42.35258834,-71.07847459
POINT (-71.07814993636948 42.352146755600884),349,LIGHT,42.35214676,-71.07814994
POINT (-71.07794328257079 42.35220379328519),350,LIGHT,42.35220379,-71.07794328
POINT (-71.0777452457528 42.35225742673058),351,LIGHT,42.35225743,-71.07774525
POINT (-71.0775487295437 42.35231068099759),352,LIGHT,42.35231068,-71.07754873
POINT (-71.07734029202396 42.35236602660321),353,LIGHT,42.35236603,-71.07734029
POINT (-71.07713642279447 42.35242136432268),354,LIGHT,42.35242136,-71.07713642
POINT (-71.07691454248663 42.35247955686048),355,LIGHT,42.35247956,-71.07691454
POINT (-71.07671625132895 42.352533753884124),356,LIGHT,42.35253375,-71.07671625
POINT (-71.07650629362685 42.35259023035266),357,LIGHT,42.35259023,-71.07650629
POINT (-71.07631053643111 42.3526432926404),358,LIGHT,42.35264329,-71.07631054
POINT (-71.07627697062628 42.352701145893505),359,LIGHT,42.35270115,-71.07627697
POINT (-71.07618882238552 42.35252115001485),360,LIGHT,42.35252115,-71.07618882
POINT (-71.0760346504181 42.35271795967761),361,LIGHT,42.35271796,-71.07603465
POINT (-71.07614334530899 42.352739600926164),362,LIGHT,42.3527396,-71.07614335
POINT (-71.07605136958568 42.35255302321287),363,LIGHT,42.35255302,-71.07605137
POINT (-71.07817936261772 42.351988572608555),364,LIGHT,42.35198857,-71.07817936
POINT (-71.07610013484333 42.35234110615673),365,LIGHT,42.35234111,-71.07610013
POINT (-71.07596957697552 42.35238595625829),366,LIGHT,42.35238596,-71.07596958
POINT (-71.07836512690851 42.353012798939325),367,LIGHT,42.3530128,-71.07836513
POINT (-71.07821525813277 42.35305090962356),368,LIGHT,42.35305091,-71.07821526
POINT (-71.07802558610287 42.353102080425835),369,LIGHT,42.35310208,-71.07802559
POINT (-71.07782653172416 42.35315609290023),370,LIGHT,42.35315609,-71.07782653
POINT (-71.07747330715559 42.35325217463423),371,LIGHT,42.35325217,-71.07747331
POINT (-71.07728591372748 42.35330202376182),372,LIGHT,42.35330202,-71.07728591
POINT (-71.07709700353475 42.353353756716736),373,LIGHT,42.35335376,-71.077097
POINT (-71.07704590877277 42.35325181795154),374,LIGHT,42.35325182,-71.07704591
POINT (-71.07723330110868 42.35320159378911),375,LIGHT,42.35320159,-71.0772333
POINT (-71.07741359324943 42.35315326355023),376,LIGHT,42.35315326,-71.07741359
POINT (-71.07764776320522 42.35320442037834),377,LIGHT,42.35320442,-71.07764776
POINT (-71.07777670786793 42.353054717304985),378,LIGHT,42.35305472,-71.07777671
POINT (-71.07759564843943 42.35310097732606),379,LIGHT,42.35310098,-71.07759565
POINT (-71.07831594860455 42.35290769513963),380,LIGHT,42.3529077,-71.07831595
POINT (-71.07794956934833 42.353007342961966),381,LIGHT,42.35300734,-71.07794957
POINT (-71.07816043610464 42.352949431234265),382,LIGHT,42.35294943,-71.07816044
POINT (-71.07733557563448 42.35364157355093),383,LIGHT,42.35364157,-71.07733558
POINT (-71.07686546508931 42.353768255868665),384,LIGHT,42.35376826,-71.07686547
POINT (-71.07775965537225 42.351745862338134),385,LIGHT,42.35174586,-71.07775966
POINT (-71.07754589705544 42.35180328915716),386,LIGHT,42.35180329,-71.0775459
POINT (-71.07733975118818 42.35186032492423),387,LIGHT,42.35186032,-71.07733975
POINT (-71.07713613272622 42.35191434373859),388,LIGHT,42.35191434,-71.07713613
POINT (-71.07691907644875 42.351972716977016),389,LIGHT,42.35197272,-71.07691908
POINT (-71.07671393968744 42.35202824374837),390,LIGHT,42.35202824,-71.07671394
POINT (-71.07649688384944 42.3520866152926),391,LIGHT,42.35208662,-71.07649688
POINT (-71.07628717882235 42.35214252690975),392,LIGHT,42.35214253,-71.07628718
POINT (-71.07607215498487 42.352202023302326),393,LIGHT,42.35220202,-71.07607216
POINT (-71.07587081848632 42.35218545107837),394,LIGHT,42.35218545,-71.07587082
POINT (-71.07600545415393 42.3521458657201),395,LIGHT,42.35214587,-71.07600545
POINT (-71.07581486052244 42.35206977875948),396,LIGHT,42.35206978,-71.07581486
POINT (-71.07578599370422 42.35170105081966),397,LIGHT,42.35170105,-71.07578599
POINT (-71.07571700384443 42.35155848188207),398,LIGHT,42.35155848,-71.075717
POINT (-71.07557879972687 42.35159280323571),399,LIGHT,42.3515928,-71.0755788
POINT (-71.07548660050526 42.35156466461726),400,LIGHT,42.35156466,-71.0754866
POINT (-71.07572846820614 42.35148817813651),401,LIGHT,42.35148818,-71.07572847
POINT (-71.07559127355282 42.35130292312705),402,LIGHT,42.35130292,-71.07559127
POINT (-71.0754347163842 42.351452899990846),403,LIGHT,42.3514529,-71.07543472
POINT (-71.07523373004845 42.35150495262291),404,LIGHT,42.35150495,-71.07523373
POINT (-71.07503670903823 42.35155857976299),405,LIGHT,42.35155858,-71.07503671
POINT (-71.074888623045 42.35159837715176),406,LIGHT,42.35159838,-71.07488862
POINT (-71.07472278788522 42.35164309992386),407,LIGHT,42.3516431,-71.07472279
POINT (-71.07452830056097 42.351695968516694),408,LIGHT,42.35169597,-71.0745283
POINT (-71.0745806931551 42.35180826030201),409,LIGHT,42.35180826,-71.07458069
POINT (-71.07477822723226 42.35175576210326),410,LIGHT,42.35175576,-71.07477823
POINT (-71.07494152355682 42.35171066704964),411,LIGHT,42.35171067,-71.07494152
POINT (-71.07529094262426 42.35161629407662),412,LIGHT,42.35161629,-71.07529094
POINT (-71.07509017610509 42.35167202766011),413,LIGHT,42.35167203,-71.07509018
POINT (-71.07586900855748 42.351335434626435),414,LIGHT,42.35133543,-71.07586901
POINT (-71.07607911290503 42.3512780928793),415,LIGHT,42.35127809,-71.07607911
POINT (-71.0762957054573 42.35121840508962),416,LIGHT,42.35121841,-71.07629571
POINT (-71.07645774219796 42.35117688640409),417,LIGHT,42.35117689,-71.07645774
POINT (-71.07665410220197 42.351123371437964),418,LIGHT,42.35112337,-71.0766541
POINT (-71.07685949205211 42.35106840838613),419,LIGHT,42.35106841,-71.07685949
POINT (-71.07691879538895 42.3511669446825),420,LIGHT,42.35116694,-71.0769188
POINT (-71.07672329666558 42.35121981866163),421,LIGHT,42.35121982,-71.0767233
POINT (-71.07648849028779 42.35128198709939),422,LIGHT,42.35128199,-71.07648849
POINT (-71.07632215085347 42.3513270902395),423,LIGHT,42.35132709,-71.07632215
POINT (-71.07612893202271 42.351379018201726),424,LIGHT,42.35137902,-71.07612893
POINT (-71.07592303653516 42.35143510975217),425,LIGHT,42.35143511,-71.07592304
POINT (-71.07465519188554 42.35213956570474),426,LIGHT,42.35213957,-71.07465519
POINT (-71.0751304541529 42.35201329496363),427,LIGHT,42.3520133,-71.07513045
POINT (-71.07545314257614 42.35133419531366),428,LIGHT,42.3513342,-71.07545314
POINT (-71.07533665231763 42.35110022154617),429,LIGHT,42.35110022,-71.07533665
POINT (-71.0752147806679 42.35084988027792),430,LIGHT,42.35084988,-71.07521478
POINT (-71.07533291683988 42.350542133413285),431,LIGHT,42.35054213,-71.07533292
POINT (-71.0754518765198 42.350677271556584),432,LIGHT,42.35067727,-71.07545188
POINT (-71.07512636610467 42.35078628566711),433,LIGHT,42.35078629,-71.07512637
POINT (-71.07500533830752 42.35063910265031),434,LIGHT,42.3506391,-71.07500534
POINT (-71.07487912820025 42.35084979133992),435,LIGHT,42.35084979,-71.07487913
POINT (-71.07456673593175 42.35093468494715),436,LIGHT,42.35093468,-71.07456674
POINT (-71.0743910142828 42.350982248895555),437,LIGHT,42.35098225,-71.07439101
POINT (-71.07418993851445 42.351037763696056),438,LIGHT,42.35103776,-71.07418994
POINT (-71.07375210799258 42.35097747501093),439,LIGHT,42.35097748,-71.07375211
POINT (-71.07396535961605 42.350920056054846),440,LIGHT,42.35092006,-71.07396536
POINT (-71.07419433027174 42.350857714500165),441,LIGHT,42.35085771,-71.07419433
POINT (-71.07448618555408 42.350779071356165),442,LIGHT,42.35077907,-71.07448619
POINT (-71.07472529685806 42.35071369807735),443,LIGHT,42.3507137,-71.0747253
POINT (-71.07506358604513 42.35055439973638),444,LIGHT,42.3505544,-71.07506359
POINT (-71.07499102521928 42.3504050595335),445,LIGHT,42.35040506,-71.07499103
POINT (-71.07398127165499 42.35109436278258),446,LIGHT,42.35109436,-71.07398127
POINT (-71.07440389537746 42.35067447617404),447,LIGHT,42.35067448,-71.0744039
POINT (-71.07454386611859 42.350637329550096),448,LIGHT,42.35063733,-71.07454387
POINT (-71.07560115385455 42.35047180083668),449,LIGHT,42.3504718,-71.07560115
POINT (-71.07575108993665 42.3503312109419),450,LIGHT,42.35033121,-71.07575109
POINT (-71.07569615452138 42.35061279762352),451,LIGHT,42.3506128,-71.07569615
POINT (-71.07516652208997 42.35043440662864),452,LIGHT,42.35043441,-71.07516652
POINT (-71.07507378697882 42.35024688890687),453,LIGHT,42.35024689,-71.07507379
POINT (-71.07495825801601 42.35001106814075),454,LIGHT,42.35001107,-71.07495826
POINT (-71.07478739002678 42.349989348901055),455,LIGHT,42.34998935,-71.07478739
POINT (-71.07463602290655 42.349955357649044),456,LIGHT,42.34995536,-71.07463602
POINT (-71.07462679855794 42.349849766152744),457,LIGHT,42.34984977,-71.0746268
POINT (-71.07450102553224 42.349881993104674),458,LIGHT,42.34988199,-71.07450103
POINT (-71.07437804622823 42.34991477943774),459,LIGHT,42.34991478,-71.07437805
POINT (-71.07394217069941 42.350032834710355),460,LIGHT,42.35003283,-71.07394217
POINT (-71.07382299481128 42.350065049353695),461,LIGHT,42.35006505,-71.07382299
POINT (-71.07294667288663 42.35030191582618),462,LIGHT,42.35030192,-71.07294667
POINT (-71.07325957275918 42.3502170257947),463,LIGHT,42.35021703,-71.07325957
POINT (-71.07353595406401 42.35014085925097),464,LIGHT,42.35014086,-71.07353595
POINT (-71.0731838551147 42.35034705206032),465,LIGHT,42.35034705,-71.07318386
POINT (-71.07299469445805 42.350398214677774),466,LIGHT,42.35039821,-71.07299469
POINT (-71.07341713924514 42.350284892813924),467,LIGHT,42.35028489,-71.07341714
POINT (-71.07455781934335 42.34951569817411),468,LIGHT,42.3495157,-71.07455782
POINT (-71.07462680425488 42.349658645093086),469,LIGHT,42.34965865,-71.0746268
POINT (-71.07469731160539 42.34980121137094),470,LIGHT,42.34980121,-71.07469731
POINT (-71.07815249800655 42.35134225603433),471,LIGHT,42.35134226,-71.0781525
POINT (-71.07648918645134 42.353002602265796),472,LIGHT,42.3530026,-71.07648919
POINT (-71.07447816496789 42.34935399736455),473,LIGHT,42.349354,-71.07447817