the_geom,OBJECTID,TYPE,Lat,Long
POINT (-71.0760443807948 42.35315925057316),1,LIGHT,42.35315925,-71.07604438
POINT (-71.07538171240694 42.353347768071195),2,LIGHT,42.35334777,-71.07538171
POINT (-71.07477488057383 42.35352052068278),3,LIGHT,42.35352052,-71.07477488
POINT (-71.07440373484715 42.3535558201314),4,LIGHT,42.35355582,-71.07440373
POINT (-71.07362079549182 42.35381056415504),5,LIGHT,42.35381056,-71.0736208
POINT (-71.07325501418602 42.3539109113942),6,LIGHT,42.35391091,-71.07325501
POINT (-71.07292162030087 42.354000153832814),7,LIGHT,42.35400015,-71.07292162
POINT (-71.0724038233387 42.35414092034717),8,LIGHT,42.35414092,-71.07240382
POINT (-71.07866370176541 42.35492688534045),9,LIGHT,42.35492689,-71.0786637
POINT (-71.07921632936232 42.35482231438127),10,LIGHT,42.35482231,-71.07921633
POINT (-71.07788136735387 42.354936210772486),11,LIGHT,42.35493621,-71.07788137
POINT (-71.07830036903032 42.35482384868488),12,LIGHT,42.35482385,-71.07830037
POINT (-71.0787153620535 42.3547115433116),13,LIGHT,42.35471154,-71.07871536
POINT (-71.07868287082087 42.35440771763967),14,LIGHT,42.35440772,-71.07868287
POINT (-71.07832715189859 42.35458708141286),15,LIGHT,42.35458708,-71.07832715
POINT (-71.07837408117462 42.354682161188286),16,LIGHT,42.35468216,-71.07837408
POINT (-71.07815584563978 42.35474356821135),17,LIGHT,42.35474357,-71.07815585
POINT (-71.0781074115781 42.354645750445385),18,LIGHT,42.35464575,-71.07810741
POINT (-71.07788798546109 42.354705475352354),19,LIGHT,42.35470548,-71.07788799
POINT (-71.07793581226376 42.35480202877476),20,LIGHT,42.35480203,-71.07793581
POINT (-71.07771889930284 42.35485938041514),21,LIGHT,42.35485938,-71.0777189
POINT (-71.07767367685199 42.354763851094226),22,LIGHT,42.35476385,-71.07767368
POINT (-71.07965622854367 42.35357198839011),23,LIGHT,42.35357199,-71.07965623
POINT (-71.0796414053167 42.35342646616954),24,LIGHT,42.35342647,-71.07964141
POINT (-71.07931457118582 42.353513015104696),25,LIGHT,42.35351302,-71.07931457
POINT (-71.07931637081319 42.35366294076086),26,LIGHT,42.35366294,-71.07931637
POINT (-71.07919458292545 42.35346496783236),27,LIGHT,42.35346497,-71.07919458
POINT (-71.07935464981767 42.35422523652642),28,LIGHT,42.35422524,-71.07935465
POINT (-71.07948826708179 42.35449952149506),29,LIGHT,42.35449952,-71.07948827
POINT (-71.07936017823758 42.35450881129006),30,LIGHT,42.35450881,-71.07936018
POINT (-71.07970944130449 42.354644605163195),31,LIGHT,42.35464461,-71.07970944
POINT (-71.0796452679207 42.346008121897604),32,LIGHT,42.34600812,-71.07964527
POINT (-71.07957350449591 42.34598177176074),33,LIGHT,42.34598177,-71.0795735
POINT (-71.0794690847632 42.3459141182904),34,LIGHT,42.34591412,-71.07946908
POINT (-71.07943409686625 42.34586572026575),35,LIGHT,42.34586572,-71.0794341
POINT (-71.07954674216921 42.34580594590718),36,LIGHT,42.34580595,-71.07954674
POINT (-71.07971689385242 42.34586241938715),37,LIGHT,42.34586242,-71.07971689
POINT (-71.07926475848626 42.345754320724595),38,LIGHT,42.34575432,-71.07926476
POINT (-71.07961295357629 42.34579403135921),39,LIGHT,42.34579403,-71.07961295
POINT (-71.07978038334687 42.34565603261844),40,LIGHT,42.34565603,-71.07978038
POINT (-71.0791201129774 42.345733645520305),41,LIGHT,42.34573365,-71.07912011
POINT (-71.07905502539279 42.3457838650238),42,LIGHT,42.34578387,-71.07905503
POINT (-71.07933175884462 42.34556240393062),43,LIGHT,42.3455624,-71.07933176
POINT (-71.07940695729106 42.34549895545095),44,LIGHT,42.34549896,-71.07940696
POINT (-71.07971352609387 42.34505683652972),45,LIGHT,42.34505684,-71.07971353
POINT (-71.07950820654015 42.34488940845247),46,LIGHT,42.34488941,-71.07950821
POINT (-71.07980853724544 42.3449827701341),47,LIGHT,42.34498277,-71.07980854
POINT (-71.07958547710398 42.34483249994838),48,LIGHT,42.3448325,-71.07958548
POINT (-71.07975718882284 42.345944496838364),49,LIGHT,42.3459445,-71.07975719
POINT (-71.07936020912624 42.34567919036736),50,LIGHT,42.34567919,-71.07936021
POINT (-71.07950007594295 42.344761478704626),51,LIGHT,42.34476148,-71.07950008
POINT (-71.07939202472664 42.34485156826443),52,LIGHT,42.34485157,-71.07939202
POINT (-71.07903886813722 42.34746121260283),53,LIGHT,42.34746121,-71.07903887
POINT (-71.07922973868044 42.34730362013082),54,LIGHT,42.34730362,-71.07922974
POINT (-71.07935237146685 42.34720150578617),55,LIGHT,42.34720151,-71.07935237
POINT (-71.07946305334657 42.34711211193871),56,LIGHT,42.34711211,-71.07946305
POINT (-71.07978523851767 42.34709155408269),57,LIGHT,42.34709155,-71.07978524
POINT (-71.07918898155198 42.346584431316266),58,LIGHT,42.34658443,-71.07918898
POINT (-71.0789698297812 42.34648891475738),59,LIGHT,42.34648891,-71.07896983
POINT (-71.07907064604004 42.34639647817619),60,LIGHT,42.34639648,-71.07907065
POINT (-71.07921617534787 42.3462751761299),61,LIGHT,42.34627518,-71.07921618
POINT (-71.0792925864338 42.346057240267086),62,LIGHT,42.34605724,-71.07929259
POINT (-71.07911842246497 42.34620162282211),63,LIGHT,42.34620162,-71.07911842
POINT (-71.07891891331852 42.34636475900909),64,LIGHT,42.34636476,-71.07891891
POINT (-71.07845105818001 42.346207782165294),65,LIGHT,42.34620778,-71.07845106
POINT (-71.07872761913697 42.34639197456211),66,LIGHT,42.34639197,-71.07872762
POINT (-71.07867505599467 42.34621774473031),67,LIGHT,42.34621774,-71.07867506
POINT (-71.07816525074479 42.34601687590121),68,LIGHT,42.34601688,-71.07816525
POINT (-71.07811483611188 42.34586434711245),69,LIGHT,42.34586435,-71.07811484
POINT (-71.07801088470114 42.34595092576594),70,LIGHT,42.34595093,-71.07801088
POINT (-71.07899627411075 42.34583262400933),71,LIGHT,42.34583262,-71.07899627
POINT (-71.07951920436335 42.34680478751521),72,LIGHT,42.34680479,-71.0795192
POINT (-71.07839334491669 42.34603214686314),73,LIGHT,42.34603215,-71.07839334
POINT (-71.07940015848538 42.34612683565246),74,LIGHT,42.34612684,-71.07940016
POINT (-71.07933039042106 42.34667839454465),75,LIGHT,42.34667839,-71.07933039
POINT (-71.0788041090831 42.346066021377936),76,LIGHT,42.34606602,-71.07880411
POINT (-71.0789101892185 42.34590891552973),77,LIGHT,42.34590892,-71.07891019
POINT (-71.07883512077035 42.34796341264806),78,LIGHT,42.34796341,-71.07883512
POINT (-71.07856712017492 42.348017705022926),79,LIGHT,42.34801771,-71.07856712
POINT (-71.07845333336779 42.34815991212866),80,LIGHT,42.34815991,-71.07845333
POINT (-71.07740015546328 42.348927969810205),81,LIGHT,42.34892797,-71.07740016
POINT (-71.07756821218248 42.34900252286307),82,LIGHT,42.34900252,-71.07756821
POINT (-71.07817638650275 42.34850351280851),83,LIGHT,42.34850351,-71.07817639
POINT (-71.07864310400466 42.34808145134264),84,LIGHT,42.34808145,-71.0786431
POINT (-71.07872799135843 42.348095281152105),85,LIGHT,42.34809528,-71.07872799
POINT (-71.07839758478646 42.34787968192624),86,LIGHT,42.34787968,-71.07839758
POINT (-71.07806253695131 42.34800514201064),87,LIGHT,42.34800514,-71.07806254
POINT (-71.07815777670399 42.34813129640357),88,LIGHT,42.3481313,-71.07815778
POINT (-71.07807626686453 42.34837139321156),89,LIGHT,42.34837139,-71.07807627
POINT (-71.07774433321582 42.34864460163987),90,LIGHT,42.3486446,-71.07774433
POINT (-71.07784841112986 42.3479153082344),91,LIGHT,42.34791531,-71.07784841
POINT (-71.07715198909635 42.34802350681811),92,LIGHT,42.34802351,-71.07715199
POINT (-71.07736435943218 42.3479672415053),93,LIGHT,42.34796724,-71.07736436
POINT (-71.07766548912765 42.34902484279925),94,LIGHT,42.34902484,-71.07766549
POINT (-71.07898203516652 42.34860635640598),95,LIGHT,42.34860636,-71.07898204
POINT (-71.07895986795145 42.34867936720513),96,LIGHT,42.34867937,-71.07895987
POINT (-71.07917065249958 42.348642271665035),97,LIGHT,42.34864227,-71.07917065
POINT (-71.07909411933134 42.34886707971397),98,LIGHT,42.34886708,-71.07909412
POINT (-71.07927256816807 42.349231678272496),99,LIGHT,42.34923168,-71.07927257
POINT (-71.07866604803715 42.34965185708962),100,LIGHT,42.34965186,-71.07866605
POINT (-71.07903784116029 42.3495528381036),101,LIGHT,42.34955284,-71.07903784
POINT (-71.078412507256 42.349720951564684),102,LIGHT,42.34972095,-71.07841251
POINT (-71.07929508323383 42.34948507562102),103,LIGHT,42.34948508,-71.07929508
POINT (-71.07937836820217 42.349619928834585),104,LIGHT,42.34961993,-71.07937837
POINT (-71.0791165488298 42.34968932408304),105,LIGHT,42.34968932,-71.07911655
POINT (-71.07888133461874 42.3497532550747),106,LIGHT,42.34975326,-71.07888133
POINT (-71.07846771344387 42.34986515104455),107,LIGHT,42.34986515,-71.07846771
POINT (-71.07949589658142 42.34966100953584),108,LIGHT,42.34966101,-71.0794959
POINT (-71.07959671901055 42.349868581116525),109,LIGHT,42.34986858,-71.07959672
POINT (-71.07975123684899 42.35017813486503),110,LIGHT,42.35017813,-71.07975124
POINT (-71.07976836826805 42.35039726891236),111,LIGHT,42.35039727,-71.07976837
POINT (-71.0795979301581 42.350444711563746),112,LIGHT,42.35044471,-71.07959793
POINT (-71.07940941080831 42.35049344817024),113,LIGHT,42.35049345,-71.07940941
POINT (-71.07964261378143 42.34954496545625),114,LIGHT,42.34954497,-71.07964261
POINT (-71.07696731166688 42.3480627779853),115,LIGHT,42.34806278,-71.07696731
POINT (-71.07670717313519 42.348121685543),116,LIGHT,42.34812169,-71.07670717
POINT (-71.07651296590727 42.348081263988774),117,LIGHT,42.34808126,-71.07651297
POINT (-71.0764148305356 42.34818109868739),118,LIGHT,42.3481811,-71.07641483
POINT (-71.07621194548639 42.348076351223625),119,LIGHT,42.34807635,-71.07621195
POINT (-71.07617609765568 42.34800088358535),120,LIGHT,42.34800088,-71.0761761
POINT (-71.07613902947426 42.34792588138824),121,LIGHT,42.34792588,-71.07613903
POINT (-71.07610297539375 42.34785296439073),122,LIGHT,42.34785296,-71.07610298
POINT (-71.07602480902595 42.34770021808633),123,LIGHT,42.34770022,-71.07602481
POINT (-71.07595982236964 42.347566291412136),124,LIGHT,42.34756629,-71.07595982
POINT (-71.07632360422765 42.34778251943519),125,LIGHT,42.34778252,-71.0763236
POINT (-71.07641378469705 42.34793830235874),126,LIGHT,42.3479383,-71.07641378
POINT (-71.07654075923409 42.3483746660761),127,LIGHT,42.34837467,-71.07654076
POINT (-71.0767701674285 42.34860948387424),128,LIGHT,42.34860948,-71.07677017
POINT (-71.07669644749089 42.34845879358757),129,LIGHT,42.34845879,-71.07669645
POINT (-71.07676570776711 42.34832525529304),130,LIGHT,42.34832526,-71.07676571
POINT (-71.07698331194747 42.34825351592737),131,LIGHT,42.34825352,-71.07698331
POINT (-71.076251984074 42.34763863556943),132,LIGHT,42.34763864,-71.07625198
POINT (-71.07618699276509 42.34750443531749),133,LIGHT,42.34750444,-71.07618699
POINT (-71.07610492431465 42.34733761481413),134,LIGHT,42.34733761,-71.07610492
POINT (-71.07628695854734 42.3472670933622),135,LIGHT,42.34726709,-71.07628696
POINT (-71.07640172677861 42.347171666642446),136,LIGHT,42.34717167,-71.07640173
POINT (-71.07652716031735 42.34716944579571),137,LIGHT,42.34716945,-71.07652716
POINT (-71.07657587846674 42.347067989453045),138,LIGHT,42.34706799,-71.07657588
POINT (-71.07718205637242 42.34894127472018),139,LIGHT,42.34894127,-71.07718206
POINT (-71.07746625265001 42.348707626879786),140,LIGHT,42.34870763,-71.07746625
POINT (-71.07782423396559 42.34841016470292),141,LIGHT,42.34841016,-71.07782423
POINT (-71.07787398820064 42.348040639907865),142,LIGHT,42.34804064,-71.07787399
POINT (-71.0782903533436 42.34773302551789),143,LIGHT,42.34773303,-71.07829035
POINT (-71.07815389460075 42.347845250498416),144,LIGHT,42.34784525,-71.07815389
POINT (-71.07852852522642 42.34767535279698),145,LIGHT,42.34767535,-71.07852853
POINT (-71.07797202312092 42.34775296854245),146,LIGHT,42.34775297,-71.07797202
POINT (-71.07758335770528 42.34790145885826),147,LIGHT,42.34790146,-71.07758336
POINT (-71.07795892374062 42.348945503432674),148,LIGHT,42.3489455,-71.07795892
POINT (-71.078445634981 42.34881550951971),149,LIGHT,42.34881551,-71.07844564
POINT (-71.07824945931259 42.348867620160696),150,LIGHT,42.34886762,-71.07824946
POINT (-71.0777246725156 42.34887466016039),151,LIGHT,42.34887466,-71.07772467
POINT (-71.0777246725156 42.34887466016039),152,LIGHT,42.34887466,-71.07772467
POINT (-71.07954959722355 42.35034169909795),153,LIGHT,42.3503417,-71.0795496
POINT (-71.07972011510881 42.350296279763704),154,LIGHT,42.35029628,-71.07972012
POINT (-71.07936052107395 42.35039389970935),155,LIGHT,42.3503939,-71.07936052
POINT (-71.07919120547282 42.350438405514446),156,LIGHT,42.35043841,-71.07919121
POINT (-71.07837552971587 42.348338673261345),157,LIGHT,42.34833867,-71.07837553
POINT (-71.07670881378455 42.346963216771336),158,LIGHT,42.34696322,-71.07670881
POINT (-71.07731165782761 42.348177084036465),159,LIGHT,42.34817708,-71.07731166
POINT (-71.07759139050698 42.348111143793744),160,LIGHT,42.34811114,-71.07759139
POINT (-71.0793604870707 42.34903056783104),161,LIGHT,42.34903057,-71.07936049
POINT (-71.07888569132359 42.34841578821685),162,LIGHT,42.34841579,-71.07888569
POINT (-71.07786821468454 42.348762107893336),163,LIGHT,42.34876211,-71.07786821
POINT (-71.07881633685655 42.348271873776845),164,LIGHT,42.34827187,-71.07881634
POINT (-71.07951106433124 42.34933539183011),165,LIGHT,42.34933539,-71.07951106
POINT (-71.07960854958344 42.34939887489774),166,LIGHT,42.34939887,-71.07960855
POINT (-71.07800685910473 42.34864627931695),167,LIGHT,42.34864628,-71.07800686
POINT (-71.07954182554542 42.34994431547417),168,LIGHT,42.34994432,-71.07954183
POINT (-71.07949253208253 42.35270520145736),169,LIGHT,42.3527052,-71.07949253
POINT (-71.07969660772505 42.35265077231742),170,LIGHT,42.35265077,-71.07969661
POINT (-71.07932713046517 42.35275177533751),171,LIGHT,42.35275178,-71.07932713
POINT (-71.07926442989917 42.35265207193414),172,LIGHT,42.35265207,-71.07926443
POINT (-71.0794456905321 42.35260401394611),173,LIGHT,42.35260401,-71.07944569
POINT (-71.07965314055463 42.35254897692346),174,LIGHT,42.35254898,-71.07965314
POINT (-71.07908741362864 42.35233943559652),175,LIGHT,42.35233944,-71.07908741
POINT (-71.07944502286765 42.35223884098746),176,LIGHT,42.35223884,-71.07944502
POINT (-71.07974714012875 42.35216003028334),177,LIGHT,42.35216003,-71.07974714
POINT (-71.07854154162462 42.3521356963857),178,LIGHT,42.3521357,-71.07854154
POINT (-71.07852557183425 42.35204429164639),179,LIGHT,42.35204429,-71.07852557
POINT (-71.0783364888807 42.35192015328287),180,LIGHT,42.35192015,-71.07833649
POINT (-71.07872604846737 42.3519929840466),181,LIGHT,42.35199298,-71.07872605
POINT (-71.07890314178938 42.35194496116132),182,LIGHT,42.35194496,-71.07890314
POINT (-71.07913055102713 42.351884157980315),183,LIGHT,42.35188416,-71.07913055
POINT (-71.07933173957646 42.35182840179439),184,LIGHT,42.3518284,-71.07933174
POINT (-71.07950236856236 42.35178332890082),185,LIGHT,42.35178333,-71.07950237
POINT (-71.07972950023938 42.351721561111574),186,LIGHT,42.35172156,-71.0797295
POINT (-71.07842421000898 42.35189745627274),187,LIGHT,42.35189746,-71.07842421
POINT (-71.0783561595429 42.35176344245398),188,LIGHT,42.35176344,-71.07835616
POINT (-71.07826873557617 42.35178528432545),189,LIGHT,42.35178528,-71.07826874
POINT (-71.07809090139273 42.35181462518195),190,LIGHT,42.35181463,-71.0780909
POINT (-71.07812022421865 42.35187126292912),191,LIGHT,42.35187126,-71.07812022
POINT (-71.07865319937572 42.351618752519315),192,LIGHT,42.35161875,-71.0786532
POINT (-71.07962518473647 42.35135582107227),193,LIGHT,42.35135582,-71.07962518
POINT (-71.07830938736575 42.351599049779296),194,LIGHT,42.35159905,-71.07830939
POINT (-71.07847495146632 42.351552525670456),195,LIGHT,42.35155253,-71.07847495
POINT (-71.07868636488868 42.35149592760738),196,LIGHT,42.35149593,-71.07868636
POINT (-71.07887927781813 42.35144446868879),197,LIGHT,42.35144447,-71.07887928
POINT (-71.07910208469254 42.35138337592102),198,LIGHT,42.35138338,-71.07910208
POINT (-71.07928750890636 42.35133344551118),199,LIGHT,42.35133345,-71.07928751
POINT (-71.0795146504973 42.35127143600333),200,LIGHT,42.35127144,-71.07951465
POINT (-71.07972919686381 42.351213050501634),201,LIGHT,42.35121305,-71.0797292
POINT (-71.07794399101586 42.35169695552519),202,LIGHT,42.35169696,-71.07794399
POINT (-71.07796930582731 42.35156218034953),203,LIGHT,42.35156218,-71.07796931
POINT (-71.07824432260458 42.351533232168585),204,LIGHT,42.35153323,-71.07824432
POINT (-71.07806420678808 42.35136518031993),205,LIGHT,42.35136518,-71.07806421
POINT (-71.07786179826829 42.35134060765149),206,LIGHT,42.35134061,-71.0778618
POINT (-71.07826038048873 42.35120165987592),207,LIGHT,42.35120166,-71.07826038
POINT (-71.07850610566739 42.35113517224105),208,LIGHT,42.35113517,-71.07850611
POINT (-71.07809837283331 42.351116312192005),209,LIGHT,42.35111631,-71.07809837
POINT (-71.0780397639592 42.35099436518799),210,LIGHT,42.35099437,-71.07803976
POINT (-71.07801550496016 42.35087135942591),211,LIGHT,42.35087136,-71.07801551
POINT (-71.07788091484588 42.35099221657765),212,LIGHT,42.35099222,-71.07788091
POINT (-71.07796696604437 42.35096677870142),213,LIGHT,42.35096678,-71.07796697
POINT (-71.07805239331334 42.35114025688071),214,LIGHT,42.35114026,-71.07805239
POINT (-71.07796526615624 42.35116338702697),215,LIGHT,42.35116339,-71.07796527
POINT (-71.07769936347412 42.35101615403855),216,LIGHT,42.35101615,-71.07769936
POINT (-71.07759496057601 42.350983391608274),217,LIGHT,42.35098339,-71.07759496
POINT (-71.07754865944251 42.35088262118962),218,LIGHT,42.35088262,-71.07754866
POINT (-71.07756712222944 42.35074400096803),219,LIGHT,42.350744,-71.07756712
POINT (-71.07826255599318 42.35080446754344),220,LIGHT,42.35080447,-71.07826256
POINT (-71.0782133657035 42.350702718982745),221,LIGHT,42.35070272,-71.07821337
POINT (-71.07802927818216 42.35075292355655),222,LIGHT,42.35075292,-71.07802928
POINT (-71.0784551837962 42.35075090791008),223,LIGHT,42.35075091,-71.07845518
POINT (-71.07841120042299 42.35064911640156),224,LIGHT,42.35064912,-71.0784112
POINT (-71.07860904544073 42.35059628596816),225,LIGHT,42.35059629,-71.07860905
POINT (-71.07865848775796 42.350697452795096),226,LIGHT,42.35069745,-71.07865849
POINT (-71.0788407609895 42.350647841965376),227,LIGHT,42.35064784,-71.07884076
POINT (-71.07879313204027 42.35054608136474),228,LIGHT,42.35054608,-71.07879313
POINT (-71.07904894768158 42.350590288813784),229,LIGHT,42.35059029,-71.07904895
POINT (-71.07898682253261 42.35049405703038),230,LIGHT,42.35049406,-71.07898682
POINT (-71.07923565528726 42.35054122026242),231,LIGHT,42.35054122,-71.07923566
POINT (-71.07724585906574 42.351077785341396),232,LIGHT,42.35107779,-71.07724586
POINT (-71.07745121127563 42.351021997329795),233,LIGHT,42.351022,-71.07745121
POINT (-71.07707320541745 42.35112673400286),234,LIGHT,42.35112673,-71.07707321
POINT (-71.07702633342139 42.35102322799103),235,LIGHT,42.35102323,-71.07702633
POINT (-71.07719849446279 42.35097621501498),236,LIGHT,42.35097622,-71.07719849
POINT (-71.07739400835764 42.350923985793806),237,LIGHT,42.35092399,-71.07739401
POINT (-71.07778583082795 42.35042039239172),238,LIGHT,42.35042039,-71.07778583
POINT (-71.0781493235031 42.35032040949347),239,LIGHT,42.35032041,-71.07814932
POINT (-71.07840657211405 42.35025337195291),240,LIGHT,42.35025337,-71.07840657
POINT (-71.077137809531 42.350594403465216),241,LIGHT,42.3505944,-71.07713781
POINT (-71.07559445118982 42.351046345571866),242,LIGHT,42.35104635,-71.07559445
POINT (-71.07775959834404 42.35054209736502),243,LIGHT,42.3505421,-71.0777596
POINT (-71.07767323825314 42.350563881470904),244,LIGHT,42.35056388,-71.07767324
POINT (-71.07776026283487 42.35074369840183),245,LIGHT,42.3507437,-71.07776026
POINT (-71.07784557627981 42.350720370890414),246,LIGHT,42.35072037,-71.07784558
POINT (-71.0775687520666 42.350360470308004),247,LIGHT,42.35036047,-71.07756875
POINT (-71.07736327152227 42.350258110198425),248,LIGHT,42.35025811,-71.07736327
POINT (-71.07749956652212 42.350221559571565),249,LIGHT,42.35022156,-71.07749957
POINT (-71.07715815363646 42.34994086412052),250,LIGHT,42.34994086,-71.07715815
POINT (-71.07756410354955 42.35010869758784),251,LIGHT,42.3501087,-71.0775641
POINT (-71.07714539105575 42.35022203577986),252,LIGHT,42.35022204,-71.07714539
POINT (-71.07690373302971 42.35012186455174),253,LIGHT,42.35012186,-71.07690373
POINT (-71.07733513381919 42.34991545674642),254,LIGHT,42.34991546,-71.07733513
POINT (-71.07750041030914 42.34996888512174),255,LIGHT,42.34996889,-71.07750041
POINT (-71.0778572147381 42.35002967149434),256,LIGHT,42.35002967,-71.07785721
POINT (-71.07816960030172 42.34994626252246),257,LIGHT,42.34994626,-71.0781696
POINT (-71.07783016225244 42.349878325942704),258,LIGHT,42.34987833,-71.07783016
POINT (-71.07809806371371 42.349805232328876),259,LIGHT,42.34980523,-71.07809806
POINT (-71.0769007379906 42.349954281408266),260,LIGHT,42.34995428,-71.07690074
POINT (-71.07674182092171 42.349998789463065),261,LIGHT,42.34999879,-71.07674182
POINT (-71.07669053522079 42.3500784412136),262,LIGHT,42.35007844,-71.07669054
POINT (-71.0766331327936 42.34995939863121),263,LIGHT,42.3499594,-71.07663313
POINT (-71.07647186856057 42.35000294516363),264,LIGHT,42.35000295,-71.07647187
POINT (-71.07630871437334 42.34994607951292),265,LIGHT,42.34994608,-71.07630871
POINT (-71.07593052771414 42.35004949104423),266,LIGHT,42.35004949,-71.07593053
POINT (-71.07640083748035 42.35025666650831),267,LIGHT,42.35025667,-71.07640084
POINT (-71.07666822800184 42.35018550816331),268,LIGHT,42.35018551,-71.07666823
POINT (-71.07653030444013 42.35012222480769),269,LIGHT,42.35012222,-71.0765303
POINT (-71.07637033548758 42.350164031203406),270,LIGHT,42.35016403,-71.07637034
POINT (-71.07607095626253 42.35024509477377),271,LIGHT,42.35024509,-71.07607096
POINT (-71.07591099317695 42.35028883077788),272,LIGHT,42.35028883,-71.07591099
POINT (-71.07587282365468 42.350398969384486),273,LIGHT,42.35039897,-71.07587282
POINT (-71.07595920470972 42.35054325803725),274,LIGHT,42.35054326,-71.0759592
POINT (-71.07612434560421 42.350331123562114),275,LIGHT,42.35033112,-71.07612435
POINT (-71.0761971978323 42.35047775333969),276,LIGHT,42.35047775,-71.0761972
POINT (-71.07646626234198 42.35040546096405),277,LIGHT,42.35040546,-71.07646626
POINT (-71.07672949225822 42.350335468334606),278,LIGHT,42.35033547,-71.07672949
POINT (-71.07694303725732 42.35027773074449),279,LIGHT,42.35027773,-71.07694304
POINT (-71.07585170056399 42.35017130862951),280,LIGHT,42.35017131,-71.0758517
POINT (-71.07572203420676 42.34966504296191),281,LIGHT,42.34966504,-71.07572203
POINT (-71.07547023106561 42.349725743955545),282,LIGHT,42.34972574,-71.07547023
POINT (-71.07522781154437 42.34979028909577),283,LIGHT,42.34979029,-71.07522781
POINT (-71.07497863109867 42.34985755012395),284,LIGHT,42.34985755,-71.07497863
POINT (-71.07607791459664 42.34963662428558),285,LIGHT,42.34963662,-71.07607791
POINT (-71.07619632783491 42.34962501847167),286,LIGHT,42.34962502,-71.07619633
POINT (-71.0763575902393 42.34958108609315),287,LIGHT,42.34958109,-71.07635759
POINT (-71.0765170326528 42.34953812270213),288,LIGHT,42.34953812,-71.07651703
POINT (-71.07667621292164 42.34949458013823),289,LIGHT,42.34949458,-71.07667621
POINT (-71.07674555608426 42.34944444068576),290,LIGHT,42.34944444,-71.07674556
POINT (-71.07669509534225 42.34929854366442),291,LIGHT,42.34929854,-71.0766951
POINT (-71.07640178012082 42.34940180459702),292,LIGHT,42.3494018,-71.07640178
POINT (-71.076068854407 42.34949277652586),293,LIGHT,42.34949278,-71.07606885
POINT (-71.07662524181764 42.349576601692206),294,LIGHT,42.3495766,-71.07662524
POINT (-71.07646580043628 42.34961995146181),295,LIGHT,42.34961995,-71.0764658
POINT (-71.07630531429238 42.349662144788155),296,LIGHT,42.34966214,-71.07630531
POINT (-71.07679299406904 42.34991689284817),297,LIGHT,42.34991689,-71.07679299
POINT (-71.07708654060768 42.34977256858459),298,LIGHT,42.34977257,-71.07708654
POINT (-71.07724521129761 42.34973211586123),299,LIGHT,42.34973212,-71.07724521
POINT (-71.07713801611911 42.349513134563516),300,LIGHT,42.34951313,-71.07713802
POINT (-71.07707275326267 42.34937904371848),301,LIGHT,42.34937904,-71.07707275
POINT (-71.07697751874413 42.34955185185961),302,LIGHT,42.34955185,-71.07697752
POINT (-71.07714052535019 42.3492468366837),303,LIGHT,42.34924684,-71.07714053
POINT (-71.07694460266926 42.349072700081635),304,LIGHT,42.3490727,-71.0769446
POINT (-71.07692771274958 42.348915709024986),305,LIGHT,42.34891571,-71.07692771
POINT (-71.07642325996684 42.34850391671695),306,LIGHT,42.34850392,-71.07642326
POINT (-71.07684504812289 42.34875979395449),307,LIGHT,42.34875979,-71.07684505
POINT (-71.07484264135829 42.34869370592986),308,LIGHT,42.34869371,-71.07484264
POINT (-71.07624854834383 42.3484325181786),309,LIGHT,42.34843252,-71.07624855
POINT (-71.07559705430899 42.34860879993083),310,LIGHT,42.3486088,-71.07559705
POINT (-71.07413527543684 42.34894140002595),311,LIGHT,42.3489414,-71.07413528
POINT (-71.07433814371869 42.34906658499378),312,LIGHT,42.34906659,-71.07433814
POINT (-71.07422265335556 42.34904704962462),313,LIGHT,42.34904705,-71.07422265
POINT (-71.07894254095123 42.35376696870514),314,LIGHT,42.35376697,-71.07894254
POINT (-71.07865194467271 42.3538454332879),315,LIGHT,42.35384543,-71.07865194
POINT (-71.07832330743814 42.35393300183609),316,LIGHT,42.353933,-71.07832331
POINT (-71.07797870259981 42.35402718740346),317,LIGHT,42.35402719,-71.0779787
POINT (-71.07799645568043 42.35386940282203),318,LIGHT,42.3538694,-71.07799646
POINT (-71.07856192163965 42.35371476385354),319,LIGHT,42.35371476,-71.07856192
POINT (-71.07826422857087 42.35379625253443),320,LIGHT,42.35379625,-71.07826423
POINT (-71.07889385534561 42.35362700052942),321,LIGHT,42.353627,-71.07889386
POINT (-71.07895864492377 42.353575189269506),322,LIGHT,42.35357519,-71.07895864
POINT (-71.07903299406732 42.35333623446362),323,LIGHT,42.35333623,-71.07903299
POINT (-71.07911920063397 42.35331047489337),324,LIGHT,42.35331047,-71.0791192
POINT (-71.07882886058157 42.353312510693435),325,LIGHT,42.35331251,-71.07882886
POINT (-71.07910547841972 42.353489336706886),326,LIGHT,42.35348934,-71.07910548
POINT (-71.07892148953653 42.35311091563125),327,LIGHT,42.35311092,-71.07892149
POINT (-71.07867544614892 42.352999919692614),328,LIGHT,42.35299992,-71.07867545
POINT (-71.07884636608028 42.35295781709503),329,LIGHT,42.35295782,-71.07884637
POINT (-71.07893562440528 42.352934312362706),330,LIGHT,42.35293431,-71.07893562
POINT (-71.07901075381193 42.353088916148366),331,LIGHT,42.35308892,-71.07901075
POINT (-71.0785126980789 42.35285622749611),332,LIGHT,42.35285623,-71.0785127
POINT (-71.07856074948761 42.35295817156315),333,LIGHT,42.35295817,-71.07856075
POINT (-71.0789365410432 42.352856585525124),334,LIGHT,42.35285659,-71.07893654
POINT (-71.07871882342891 42.3526988827688),335,LIGHT,42.35269888,-71.07871882
POINT (-71.07880732383877 42.3526763206645),336,LIGHT,42.35267632,-71.07880732
POINT (-71.07864369754152 42.35254465600945),337,LIGHT,42.35254466,-71.0786437
POINT (-71.07873219315425 42.35252096318016),338,LIGHT,42.35252096,-71.07873219
POINT (-71.07851466687416 42.35228341213058),339,LIGHT,42.35228341,-71.07851467
POINT (-71.07860290625827 42.35225877945813),340,LIGHT,42.35225878,-71.07860291
POINT (-71.07845461535642 42.35215946594447),341,LIGHT,42.35215947,-71.07845462
POINT (-71.0784091581295 42.35245829937323),342,LIGHT,42.3524583,-71.07840916
POINT (-71.0769576763259 42.35291479727771),343,LIGHT,42.3529148,-71.07695768
POINT (-71.07738317048394 42.35279994969755),344,LIGHT,42.35279995,-71.07738317
POINT (-71.07786468952416 42.35266598508202),345,LIGHT,42.35266599,-71.07786469
POINT (-71.07829626771873 42.352549993287404),346,LIGHT,42.35254999,-71.07829627
POINT (-71.0785432304048 42.35273343711851),347,LIGHT,42.35273344,-71.07854323
POINT (-71.07847458505836 42.352588340440256),348,LIGHT,42.35258834,-71.07847459
POINT (-71.07814993636948 42.352146755600884),349,LIGHT,42.35214676,-71.07814994
POINT (-71.07794328257079 42.35220379328519),350,LIGHT,42.35220379,-71.07794328
POINT (-71.0777452457528 42.35225742673058),351,LIGHT,42.35225743,-71.07774525
POINT (-71.0775487295437 42.35231068099759),352,LIGHT,42.35231068,-71.07754873
POINT (-71.07734029202396 42.35236602660321),353,LIGHT,42.35236603,-71.07734029
POINT (-71.07713642279447 42.35242136432268),354,LIGHT,42.35242136,-71.07713642
POINT (-71.07691454248663 42.35247955686048),355,LIGHT,42.35247956,-71.07691454
POINT (-71.07671625132895 42.352533753884124),356,LIGHT,42.35253375,-71.07671625
POINT (-71.07650629362685 42.35259023035266),357,LIGHT,42.35259023,-71.07650629
POINT (-71.07631053643111 42.3526432926404),358,LIGHT,42.35264329,-71.07631054
POINT (-71.07627697062628 42.352701145893505),359,LIGHT,42.35270115,-71.07627697
POINT (-71.07618882238552 42.35252115001485),360,LIGHT,42.35252115,-71.07618882
POINT (-71.0760346504181 42.35271795967761),361,LIGHT,42.35271796,-71.07603465
POINT (-71.07614334530899 42.352739600926164),362,LIGHT,42.3527396,-71.07614335
POINT (-71.07605136958568 42.35255302321287),363,LIGHT,42.35255302,-71.07605137
POINT (-71.07817936261772 42.351988572608555),364,LIGHT,42.35198857,-71.07817936
POINT (-71.07610013484333 42.35234110615673),365,LIGHT,42.35234111,-71.07610013
POINT (-71.07596957697552 42.35238595625829),366,LIGHT,42.35238596,-71.07596958
POINT (-71.07836512690851 42.353012798939325),367,LIGHT,42.3530128,-71.07836513
POINT (-71.07821525813277 42.35305090962356),368,LIGHT,42.35305091,-71.07821526
POINT (-71.07802558610287 42.353102080425835),369,LIGHT,42.35310208,-71.07802559
POINT (-71.07782653172416 42.35315609290023),370,LIGHT,42.35315609,-71.07782653
POINT (-71.07747330715559 42.35325217463423),371,LIGHT,42.35325217,-71.07747331
POINT (-71.07728591372748 42.35330202376182),372,LIGHT,42.35330202,-71.07728591
POINT (-71.07709700353475 42.353353756716736),373,LIGHT,42.35335376,-71.077097
POINT (-71.07704590877277 42.35325181795154),374,LIGHT,42.35325182,-71.07704591
POINT (-71.07723330110868 42.35320159378911),375,LIGHT,42.35320159,-71.0772333
POINT (-71.07741359324943 42.35315326355023),376,LIGHT,42.35315326,-71.07741359
POINT (-71.07764776320522 42.35320442037834),377,LIGHT,42.35320442,-71.07764776
POINT (-71.07777670786793 42.353054717304985),378,LIGHT,42.35305472,-71.07777671
POINT (-71.07759564843943 42.35310097732606),379,LIGHT,42.35310098,-71.07759565
POINT (-71.07831594860455 42.35290769513963),380,LIGHT,42.3529077,-71.07831595
POINT (-71.07794956934833 42.353007342961966),381,LIGHT,42.35300734,-71.07794957
POINT (-71.07816043610464 42.352949431234265),382,LIGHT,42.35294943,-71.07816044
POINT (-71.07733557563448 42.35364157355093),383,LIGHT,42.35364157,-71.07733558
POINT (-71.07686546508931 42.353768255868665),384,LIGHT,42.35376826,-71.07686547
POINT (-71.07775965537225 42.351745862338134),385,LIGHT,42.35174586,-71.07775966
POINT (-71.07754589705544 42.35180328915716),386,LIGHT,42.35180329,-71.0775459
POINT (-71.07733975118818 42.35186032492423),387,LIGHT,42.35186032,-71.07733975
POINT (-71.07713613272622 42.35191434373859),388,LIGHT,42.35191434,-71.07713613
POINT (-71.07691907644875 42.351972716977016),389,LIGHT,42.35197272,-71.07691908
POINT (-71.07671393968744 42.35202824374837),390,LIGHT,42.35202824,-71.07671394
POINT (-71.07649688384944 42.3520866152926),391,LIGHT,42.35208662,-71.07649688
POINT (-71.07628717882235 42.35214252690975),392,LIGHT,42.35214253,-71.07628718
POINT (-71.07607215498487 42.352202023302326),393,LIGHT,42.35220202,-71.07607216
POINT (-71.07587081848632 42.35218545107837),394,LIGHT,42.35218545,-71.07587082
POINT (-71.07600545415393 42.3521458657201),395,LIGHT,42.35214587,-71.07600545
POINT (-71.07581486052244 42.35206977875948),396,LIGHT,42.35206978,-71.07581486
POINT (-71.07578599370422 42.35170105081966),397,LIGHT,42.35170105,-71.07578599
POINT (-71.07571700384443 42.35155848188207),398,LIGHT,42.35155848,-71.075717
POINT (-71.07557879972687 42.35159280323571),399,LIGHT,42.3515928,-71.0755788
POINT (-71.07548660050526 42.35156466461726),400,LIGHT,42.35156466,-71.0754866
POINT (-71.07572846820614 42.35148817813651),401,LIGHT,42.35148818,-71.07572847
POINT (-71.07559127355282 42.35130292312705),402,LIGHT,42.35130292,-71.07559127
POINT (-71.0754347163842 42.351452899990846),403,LIGHT,42.3514529,-71.07543472
POINT (-71.07523373004845 42.35150495262291),404,LIGHT,42.35150495,-71.07523373
POINT (-71.07503670903823 42.35155857976299),405,LIGHT,42.35155858,-71.07503671
POINT (-71.074888623045 42.35159837715176),406,LIGHT,42.35159838,-71.07488862
POINT (-71.07472278788522 42.35164309992386),407,LIGHT,42.3516431,-71.07472279
POINT (-71.07452830056097 42.351695968516694),408,LIGHT,42.35169597,-71.0745283
POINT (-71.0745806931551 42.35180826030201),409,LIGHT,42.35180826,-71.07458069
POINT (-71.07477822723226 42.35175576210326),410,LIGHT,42.35175576,-71.07477823
POINT (-71.07494152355682 42.35171066704964),411,LIGHT,42.35171067,-71.07494152
POINT (-71.07529094262426 42.35161629407662),412,LIGHT,42.35161629,-71.07529094
POINT (-71.07509017610509 42.35167202766011),413,LIGHT,42.35167203,-71.07509018
POINT (-71.07586900855748 42.351335434626435),414,LIGHT,42.35133543,-71.07586901
POINT (-71.07607911290503 42.3512780928793),415,LIGHT,42.35127809,-71.07607911
POINT (-71.0762957054573 42.35121840508962),416,LIGHT,42.35121841,-71.07629571
POINT (-71.07645774219796 42.35117688640409),417,LIGHT,42.35117689,-71.07645774
POINT (-71.07665410220197 42.351123371437964),418,LIGHT,42.35112337,-71.0766541
POINT (-71.07685949205211 42.35106840838613),419,LIGHT,42.35106841,-71.07685949
POINT (-71.07691879538895 42.3511669446825),420,LIGHT,42.35116694,-71.0769188
POINT (-71.07672329666558 42.35121981866163),421,LIGHT,42.35121982,-71.0767233
POINT (-71.07648849028779 42.35128198709939),422,LIGHT,42.35128199,-71.07648849
POINT (-71.07632215085347 42.3513270902395),423,LIGHT,42.35132709,-71.07632215
POINT (-71.07612893202271 42.351379018201726),424,LIGHT,42.35137902,-71.07612893
POINT (-71.07592303653516 42.35143510975217),425,LIGHT,42.35143511,-71.07592304
POINT (-71.07465519188554 42.35213956570474),426,LIGHT,42.35213957,-71.07465519
POINT (-71.0751304541529 42.35201329496363),427,LIGHT,42.3520133,-71.07513045
POINT (-71.07545314257614 42.35133419531366),428,LIGHT,42.3513342,-71.07545314
POINT (-71.07533665231763 42.35110022154617),429,LIGHT,42.35110022,-71.07533665
POINT (-71.0752147806679 42.35084988027792),430,LIGHT,42.35084988,-71.07521478
POINT (-71.07533291683988 42.350542133413285),431,LIGHT,42.35054213,-71.07533292
POINT (-71.0754518765198 42.350677271556584),432,LIGHT,42.35067727,-71.07545188
POINT (-71.07512636610467 42.35078628566711),433,LIGHT,42.35078629,-71.07512637
POINT (-71.07500533830752 42.35063910265031),434,LIGHT,42.3506391,-71.07500534
POINT (-71.07487912820025 42.35084979133992),435,LIGHT,42.35084979,-71.07487913
POINT (-71.07456673593175 42.35093468494715),436,LIGHT,42.35093468,-71.07456674
POINT (-71.0743910142828 42.350982248895555),437,LIGHT,42.35098225,-71.07439101
POINT (-71.07418993851445 42.351037763696056),438,LIGHT,42.35103776,-71.07418994
POINT (-71.07375210799258 42.35097747501093),439,LIGHT,42.35097748,-71.07375211
POINT (-71.07396535961605 42.350920056054846),440,LIGHT,42.35092006,-71.07396536
POINT (-71.07419433027174 42.350857714500165),441,LIGHT,42.35085771,-71.07419433
POINT (-71.07448618555408 42.350779071356165),442,LIGHT,42.35077907,-71.07448619
POINT (-71.07472529685806 42.35071369807735),443,LIGHT,42.3507137,-71.0747253
POINT (-71.07506358604513 42.35055439973638),444,LIGHT,42.3505544,-71.07506359
POINT (-71.07499102521928 42.3504050595335),445,LIGHT,42.35040506,-71.07499103
POINT (-71.07398127165499 42.35109436278258),446,LIGHT,42.35109436,-71.07398127
POINT (-71.07440389537746 42.35067447617404),447,LIGHT,42.35067448,-71.0744039
POINT (-71.07454386611859 42.350637329550096),448,LIGHT,42.35063733,-71.07454387
POINT (-71.07560115385455 42.35047180083668),449,LIGHT,42.3504718,-71.07560115
POINT (-71.07575108993665 42.3503312109419),450,LIGHT,42.35033121,-71.07575109
POINT (-71.07569615452138 42.35061279762352),451,LIGHT,42.3506128,-71.07569615
POINT (-71.07516652208997 42.35043440662864),452,LIGHT,42.35043441,-71.07516652
POINT (-71.07507378697882 42.35024688890687),453,LIGHT,42.35024689,-71.07507379
POINT (-71.07495825801601 42.35001106814075),454,LIGHT,42.35001107,-71.07495826
POINT (-71.07478739002678 42.349989348901055),455,LIGHT,42.34998935,-71.07478739
POINT (-71.07463602290655 42.349955357649044),456,LIGHT,42.34995536,-71.07463602
POINT (-71.07462679855794 42.349849766152744),457,LIGHT,42.34984977,-71.0746268
POINT (-71.07450102553224 42.349881993104674),458,LIGHT,42.34988199,-71.07450103
POINT (-71.07437804622823 42.34991477943774),459,LIGHT,42.34991478,-71.07437805
POINT (-71.07394217069941 42.350032834710355),460,LIGHT,42.35003283,-71.07394217
POINT (-71.07382299481128 42.350065049353695),461,LIGHT,42.35006505,-71.07382299
POINT (-71.07294667288663 42.35030191582618),462,LIGHT,42.35030192,-71.07294667
POINT (-71.07325957275918 42.3502170257947),463,LIGHT,42.35021703,-71.07325957
POINT (-71.07353595406401 42.35014085925097),464,LIGHT,42.35014086,-71.07353595
POINT (-71.0731838551147 42.35034705206032),465,LIGHT,42.35034705,-71.07318386
POINT (-71.07299469445805 42.350398214677774),466,LIGHT,42.35039821,-71.07299469
POINT (-71.07341713924514 42.350284892813924),467,LIGHT,42.35028489,-71.07341714
POINT (-71.07455781934335 42.34951569817411),468,LIGHT,42.3495157,-71.07455782
POINT (-71.07462680425488 42.349658645093086),469,LIGHT,42.34965865,-71.0746268
POINT (-71.07469731160539 42.34980121137094),470,LIGHT,42.34980121,-71.07469731
POINT (-71.07815249800655 42.35134225603433),471,LIGHT,42.35134226,-71.0781525
POINT (-71.07648918645134 42.353002602265796),472,LIGHT,42.3530026,-71.07648919
POINT (-71.07447816496789 42.34935399736455),473,LIGHT,42.349354,-71.07447817
POINT (-71.07440794408286 42.349209228081044),474,LIGHT,42.34920923,-71.07440794
POINT (-71.07422321146352 42.34882560334602),475,LIGHT,42.3488256,-71.07422321
POINT (-71.07393622481338 42.34899539769102),476,LIGHT,42.3489954,-71.07393622
POINT (-71.07376386849822 42.349041024921455),477,LIGHT,42.34904102,-71.07376387
POINT (-71.07356464754885 42.34909462878593),478,LIGHT,42.34909463,-71.07356465
POINT (-71.07398840951214 42.34911158011551),479,LIGHT,42.34911158,-71.07398841
POINT (-71.0743852036063 42.350022477187785),480,LIGHT,42.35002248,-71.0743852
POINT (-71.07411493577753 42.3500961737038),481,LIGHT,42.35009617,-71.07411494
POINT (-71.07387798602309 42.35015946865116),482,LIGHT,42.35015947,-71.07387799
POINT (-71.07360267540096 42.35023403746684),483,LIGHT,42.35023404,-71.07360268
POINT (-71.07579778603156 42.3522736973963),484,LIGHT,42.3522737,-71.07579779
POINT (-71.07559772778396 42.35233071919174),485,LIGHT,42.35233072,-71.07559773
POINT (-71.0740792290322 42.35229670434843),486,LIGHT,42.3522967,-71.07407923
POINT (-71.07827690408953 42.352183514730676),487,LIGHT,42.35218351,-71.0782769
POINT (-71.07772124188416 42.35409617503978),488,LIGHT,42.35409618,-71.07772124
POINT (-71.07747791818511 42.354160908854524),489,LIGHT,42.35416091,-71.07747792
POINT (-71.07711079828275 42.35426093931225),490,LIGHT,42.35426094,-71.0771108
POINT (-71.07703499749333 42.35413008240784),491,LIGHT,42.35413008,-71.077035
POINT (-71.07739573019023 42.35403162493436),492,LIGHT,42.35403162,-71.07739573
POINT (-71.0776907611545 42.353951601596904),493,LIGHT,42.3539516,-71.07769076
POINT (-71.07705572867786 42.35433077578457),494,LIGHT,42.35433078,-71.07705573
POINT (-71.07716897271496 42.35481637942704),495,LIGHT,42.35481638,-71.07716897
POINT (-71.07678813441616 42.35434873071335),496,LIGHT,42.35434873,-71.07678813
POINT (-71.07650283374801 42.3544251531001),497,LIGHT,42.35442515,-71.07650283
POINT (-71.07620658284789 42.3545051725006),498,LIGHT,42.35450517,-71.07620658
POINT (-71.07583732964456 42.354605421512744),499,LIGHT,42.35460542,-71.07583733
POINT (-71.07670740953537 42.35421791489096),500,LIGHT,42.35421791,-71.07670741
POINT (-71.07637405091499 42.354307824662364),501,LIGHT,42.35430782,-71.07637405
POINT (-71.07611064727114 42.354380205209644),502,LIGHT,42.35438021,-71.07611065
POINT (-71.07554612505105 42.354532599307646),503,LIGHT,42.3545326,-71.07554613
POINT (-71.07557469566456 42.35467606071099),504,LIGHT,42.35467606,-71.0755747
POINT (-71.07676262984246 42.35368615625933),505,LIGHT,42.35368616,-71.07676263
POINT (-71.0767654639538 42.354008401390914),506,LIGHT,42.3540084,-71.07676546
POINT (-71.07644547295807 42.35353118559663),507,LIGHT,42.35353119,-71.07644547
POINT (-71.07665880980166 42.353357284164275),508,LIGHT,42.35335728,-71.07665881
POINT (-71.07669877538342 42.35346150128381),509,LIGHT,42.3534615,-71.07669878
POINT (-71.07690073457802 42.35340665427216),510,LIGHT,42.35340665,-71.07690073
POINT (-71.07685680980573 42.35330581675018),511,LIGHT,42.35330582,-71.07685681
POINT (-71.07642041118436 42.35299595149009),512,LIGHT,42.35299595,-71.07642041
POINT (-71.07583307269569 42.35277387432323),513,LIGHT,42.35277387,-71.07583307
POINT (-71.07560161448731 42.352834782092465),514,LIGHT,42.35283478,-71.07560161
POINT (-71.07541364700546 42.352886030509644),515,LIGHT,42.35288603,-71.07541365
POINT (-71.07520165249356 42.35294289500861),516,LIGHT,42.3529429,-71.07520165
POINT (-71.07499847831534 42.3529968360613),517,LIGHT,42.35299684,-71.07499848
POINT (-71.07478526686191 42.35305369889756),518,LIGHT,42.3530537,-71.07478527
POINT (-71.07458421941595 42.353108767945685),519,LIGHT,42.35310877,-71.07458422
POINT (-71.07437374214089 42.35316630905119),520,LIGHT,42.35316631,-71.07437374
POINT (-71.07416843728409 42.353221373319705),521,LIGHT,42.35322137,-71.07416844
POINT (-71.0741430804573 42.35329689394601),522,LIGHT,42.35329689,-71.07414308
POINT (-71.07399373304865 42.35334073322035),523,LIGHT,42.35334073,-71.07399373
POINT (-71.07391446515717 42.35329037527021),524,LIGHT,42.35329038,-71.07391447
POINT (-71.07387976790818 42.35312730576441),525,LIGHT,42.35312731,-71.07387977
POINT (-71.07405070024696 42.3530837122448),526,LIGHT,42.35308371,-71.0740507
POINT (-71.0746625684447 42.352975566239806),527,LIGHT,42.35297557,-71.07466257
POINT (-71.07556255994918 42.352732595386634),528,LIGHT,42.3527326,-71.07556256
POINT (-71.07425312946124 42.35344455389341),529,LIGHT,42.35344455,-71.07425313
POINT (-71.07422640254318 42.35339180323396),530,LIGHT,42.3533918,-71.0742264
POINT (-71.07628377652505 42.353573548191406),531,LIGHT,42.35357355,-71.07628378
POINT (-71.07613214453133 42.35361465123787),532,LIGHT,42.35361465,-71.07613214
POINT (-71.07595826670685 42.35365964053813),533,LIGHT,42.35365964,-71.07595827
POINT (-71.07577970103884 42.35370896608825),534,LIGHT,42.35370897,-71.0757797
POINT (-71.07560757759376 42.353755258649876),535,LIGHT,42.35375526,-71.07560758
POINT (-71.07543340430725 42.35380219969826),536,LIGHT,42.3538022,-71.0754334
POINT (-71.0752565944131 42.3538502245981),537,LIGHT,42.35385022,-71.07525659
POINT (-71.07505080413333 42.35390668679737),538,LIGHT,42.35390669,-71.0750508
POINT (-71.07488453444839 42.35395124704406),539,LIGHT,42.35395125,-71.07488453
POINT (-71.07471182293982 42.35399797183409),540,LIGHT,42.35399797,-71.07471182
POINT (-71.0748478409709 42.35384313413124),541,LIGHT,42.35384313,-71.07484784
POINT (-71.0751920882268 42.35375141890258),542,LIGHT,42.35375142,-71.07519209
POINT (-71.07623361312315 42.353470632981555),543,LIGHT,42.35347063,-71.07623361
POINT (-71.07608403018932 42.35351065236326),544,LIGHT,42.35351065,-71.07608403
POINT (-71.07555799800957 42.35365321138012),545,LIGHT,42.35365321,-71.075558
POINT (-71.07536479870767 42.35370469338872),546,LIGHT,42.35370469,-71.0753648
POINT (-71.07590810516253 42.35355850866918),547,LIGHT,42.35355851,-71.07590811
POINT (-71.07539386530472 42.35238538043487),548,LIGHT,42.35238538,-71.07539387
POINT (-71.07519722629382 42.35243776595787),549,LIGHT,42.35243777,-71.07519723
POINT (-71.07500437171917 42.35248903076523),550,LIGHT,42.35248903,-71.07500437
POINT (-71.07478091753298 42.35254773914668),551,LIGHT,42.35254774,-71.07478092
POINT (-71.07457555819484 42.35260367632124),552,LIGHT,42.35260368,-71.07457556
POINT (-71.07436642850506 42.35266160142148),553,LIGHT,42.3526616,-71.07436643
POINT (-71.07415464620216 42.352718465679544),554,LIGHT,42.35271847,-71.07415465
POINT (-71.07395161926507 42.35277394582904),555,LIGHT,42.35277395,-71.07395162
POINT (-71.07443503073242 42.35275668656402),556,LIGHT,42.35275669,-71.07443503
POINT (-71.07535000212773 42.352509283956216),557,LIGHT,42.35250928,-71.07535
POINT (-71.07381041337051 42.35298612441568),558,LIGHT,42.35298612,-71.07381041
POINT (-71.07397965537233 42.35294007144417),559,LIGHT,42.35294007,-71.07397966
POINT (-71.0737164585919 42.3527714204999),560,LIGHT,42.35277142,-71.07371646
POINT (-71.07386481753053 42.35272603752361),561,LIGHT,42.35272604,-71.07386482
POINT (-71.0737105653039 42.35299971873287),562,LIGHT,42.35299972,-71.07371057
POINT (-71.07307645833383 42.35312232672037),563,LIGHT,42.35312233,-71.07307646
POINT (-71.07367291349553 42.352848134013826),564,LIGHT,42.35284813,-71.07367291
POINT (-71.07347612531876 42.352898092462894),565,LIGHT,42.35289809,-71.07347613
POINT (-71.07354185666081 42.35241955340289),566,LIGHT,42.35241955,-71.07354186
POINT (-71.0733905221787 42.35252143889298),567,LIGHT,42.35252144,-71.07339052
POINT (-71.07312669988825 42.35259853129182),568,LIGHT,42.35259853,-71.0731267
POINT (-71.07303676529347 42.35257505002675),569,LIGHT,42.35257505,-71.07303677
POINT (-71.0733001195489 42.352504907244),570,LIGHT,42.35250491,-71.07330012
POINT (-71.0734261095161 42.352177825385844),571,LIGHT,42.35217783,-71.07342611
POINT (-71.07357556275016 42.35213846618663),572,LIGHT,42.35213847,-71.07357556
POINT (-71.07336401468287 42.35213932905382),573,LIGHT,42.35213933,-71.07336401
POINT (-71.07330411607882 42.3520046618377),574,LIGHT,42.35200466,-71.07330412
POINT (-71.07354597164176 42.351961413240076),575,LIGHT,42.35196141,-71.07354597
POINT (-71.07359146437128 42.35207450905494),576,LIGHT,42.35207451,-71.07359146
POINT (-71.07321917717996 42.3521747384267),577,LIGHT,42.35217474,-71.07321918
POINT (-71.07315558032434 42.352046399058274),578,LIGHT,42.3520464,-71.07315558
POINT (-71.0730514039477 42.35222099379848),579,LIGHT,42.35222099,-71.0730514
POINT (-71.07250548233249 42.35236709590543),580,LIGHT,42.3523671,-71.07250548
POINT (-71.07266365597125 42.352324185348195),581,LIGHT,42.35232419,-71.07266366
POINT (-71.07287078607257 42.352269103532116),582,LIGHT,42.3522691,-71.07287079
POINT (-71.07298779261006 42.35209178640315),583,LIGHT,42.35209179,-71.07298779
POINT (-71.07280864111483 42.35214009954858),584,LIGHT,42.3521401,-71.07280864
POINT (-71.07260063038761 42.352194972713484),585,LIGHT,42.35219497,-71.07260063
POINT (-71.07243781957173 42.352240529904115),586,LIGHT,42.35224053,-71.07243782
POINT (-71.07223388891342 42.35229449657914),587,LIGHT,42.3522945,-71.07223389
POINT (-71.07230392113513 42.35242277756455),588,LIGHT,42.35242278,-71.07230392
POINT (-71.07203610695353 42.352348623521),589,LIGHT,42.35234862,-71.07203611
POINT (-71.07210406494808 42.352475404225785),590,LIGHT,42.3524754,-71.07210406
POINT (-71.07373604680068 42.35191025580857),591,LIGHT,42.35191026,-71.07373605
POINT (-71.07392305677513 42.35185948103375),592,LIGHT,42.35185948,-71.07392306
POINT (-71.0741467836775 42.351799685974086),593,LIGHT,42.35179969,-71.07414678
POINT (-71.0743864893127 42.35173301467929),594,LIGHT,42.35173301,-71.07438649
POINT (-71.07436007174431 42.35186782642115),595,LIGHT,42.35186783,-71.07436007
POINT (-71.07420101819399 42.351910529882815),596,LIGHT,42.35191053,-71.07420102
POINT (-71.07397848944346 42.35197205084319),597,LIGHT,42.35197205,-71.07397849
POINT (-71.07378561494741 42.35202201081526),598,LIGHT,42.35202201,-71.07378561
POINT (-71.07331028641123 42.35193903280363),599,LIGHT,42.35193903,-71.07331029
POINT (-71.07316607749819 42.351648173522925),600,LIGHT,42.35164817,-71.07316608
POINT (-71.07322858366767 42.351291644412704),601,LIGHT,42.35129164,-71.07322858
POINT (-71.07289048050669 42.351161055964496),602,LIGHT,42.35116106,-71.07289048
POINT (-71.07297721767365 42.35134344400211),603,LIGHT,42.35134344,-71.07297722
POINT (-71.07272407596373 42.35141153801894),604,LIGHT,42.35141154,-71.07272408
POINT (-71.07241095434463 42.35149754663364),605,LIGHT,42.35149755,-71.07241095
POINT (-71.07210915105637 42.35157802461101),606,LIGHT,42.35157802,-71.07210915
POINT (-71.07179514002046 42.35166338903554),607,LIGHT,42.35166339,-71.07179514
POINT (-71.07169319400924 42.351533881490376),608,LIGHT,42.35153388,-71.07169319
POINT (-71.07203780606106 42.35144107418892),609,LIGHT,42.35144107,-71.07203781
POINT (-71.07238097139258 42.35134936423393),610,LIGHT,42.35134936,-71.07238097
POINT (-71.07253591336756 42.35130583143686),611,LIGHT,42.35130583,-71.07253591
POINT (-71.072881114778 42.35121345054167),612,LIGHT,42.35121345,-71.07288111
POINT (-71.07328029027634 42.351105211319876),613,LIGHT,42.35110521,-71.07328029
POINT (-71.07353166820589 42.35103669810637),614,LIGHT,42.3510367,-71.07353167
POINT (-71.07364552169169 42.351178248156984),615,LIGHT,42.35117825,-71.07364552
POINT (-71.07343753763224 42.351234424752995),616,LIGHT,42.35123442,-71.07343754
POINT (-71.07363865305611 42.35126164997976),617,LIGHT,42.35126165,-71.07363865
POINT (-71.07349734285613 42.351297895646276),618,LIGHT,42.3512979,-71.07349734
POINT (-71.07342010002606 42.35156058059477),619,LIGHT,42.35156058,-71.0734201
POINT (-71.07346676751985 42.35165651857808),620,LIGHT,42.35165652,-71.07346677
POINT (-71.0739164379121 42.35152953041389),621,LIGHT,42.35152953,-71.07391644
POINT (-71.07393003731606 42.35127567887729),622,LIGHT,42.35127568,-71.07393004
POINT (-71.07372152523686 42.35171591465032),623,LIGHT,42.35171591,-71.07372153
POINT (-71.0738158961782 42.35168986880798),624,LIGHT,42.35168987,-71.0738159
POINT (-71.07306732033526 42.35104893496521),625,LIGHT,42.35104894,-71.07306732
POINT (-71.07296400939177 42.350837832762465),626,LIGHT,42.35083783,-71.07296401
POINT (-71.07288646991 42.350680537566326),627,LIGHT,42.35068054,-71.07288647
POINT (-71.07280104810187 42.35050681872073),628,LIGHT,42.35050682,-71.07280105
POINT (-71.07260815577075 42.35057305662479),629,LIGHT,42.35057306,-71.07260816
POINT (-71.07270697186847 42.35030539898649),630,LIGHT,42.3503054,-71.07270697
POINT (-71.07245907779102 42.350267092064115),631,LIGHT,42.35026709,-71.07245908
POINT (-71.07258942200545 42.35006512536293),632,LIGHT,42.35006513,-71.07258942
POINT (-71.07241741243574 42.35040637969083),633,LIGHT,42.35040638,-71.07241741
POINT (-71.07225223634839 42.350450222672926),634,LIGHT,42.35045022,-71.07225224
POINT (-71.07208531165007 42.35049451535885),635,LIGHT,42.35049452,-71.07208531
POINT (-71.07268598931267 42.35072874248683),636,LIGHT,42.35072874,-71.07268599
POINT (-71.0727881007038 42.35093812003519),637,LIGHT,42.35093812,-71.0727881
POINT (-71.07253174586792 42.35053707694766),638,LIGHT,42.35053708,-71.07253175
POINT (-71.07167191033987 42.35112055408546),639,LIGHT,42.35112055,-71.07167191
POINT (-71.07126166294945 42.351141880038995),640,LIGHT,42.35114188,-71.07126166
POINT (-71.07095359176445 42.35131494279398),641,LIGHT,42.35131494,-71.07095359
POINT (-71.07061460710916 42.351318124051204),642,LIGHT,42.35131812,-71.07061461
POINT (-71.07287762522785 42.351775288637015),643,LIGHT,42.35177529,-71.07287763
POINT (-71.07243298064478 42.35189403396271),644,LIGHT,42.35189403,-71.07243298
POINT (-71.07192217299365 42.35203442007046),645,LIGHT,42.35203442,-71.07192217
POINT (-71.07639660286588 42.35342868575382),646,LIGHT,42.35342869,-71.0763966
POINT (-71.07573755745078 42.35360357383795),647,LIGHT,42.35360357,-71.07573756
POINT (-71.07466265457238 42.35389199683146),648,LIGHT,42.353892,-71.07466265
POINT (-71.07454175512454 42.35392552836986),649,LIGHT,42.35392553,-71.07454176
POINT (-71.07499741562155 42.35379862027242),650,LIGHT,42.35379862,-71.07499742
POINT (-71.07269974398518 42.35084455666739),651,LIGHT,42.35084456,-71.07269974
POINT (-71.0723616106603 42.35058480621542),652,LIGHT,42.35058481,-71.07236161
POINT (-71.07218712805278 42.350631752909855),653,LIGHT,42.35063175,-71.07218713
POINT (-71.0720057220355 42.35068103683649),654,LIGHT,42.35068104,-71.07200572
POINT (-71.07182808817387 42.35072957917872),655,LIGHT,42.35072958,-71.07182809
POINT (-71.07165237902491 42.35077525198552),656,LIGHT,42.35077525,-71.07165238
POINT (-71.07134486326673 42.35085833823316),657,LIGHT,42.35085834,-71.07134486
POINT (-71.07168588681806 42.35060434932958),658,LIGHT,42.35060435,-71.07168589
POINT (-71.07074934332985 42.351019209062756),659,LIGHT,42.35101921,-71.07074934
POINT (-71.0709793912417 42.35095747391206),660,LIGHT,42.35095747,-71.07097939
POINT (-71.0705155767703 42.351082987031305),661,LIGHT,42.35108299,-71.07051558
POINT (-71.07146784295874 42.35066311284971),662,LIGHT,42.35066311,-71.07146784
POINT (-71.07118946986215 42.35073643018572),663,LIGHT,42.35073643,-71.07118947
POINT (-71.07090757947512 42.35081321515146),664,LIGHT,42.35081322,-71.07090758
POINT (-71.07066257245317 42.35087874935585),665,LIGHT,42.35087875,-71.07066257
POINT (-71.07043746971398 42.35093952553098),666,LIGHT,42.35093953,-71.07043747
POINT (-71.07387463651621 42.35144374792373),667,LIGHT,42.35144375,-71.07387464
POINT (-71.07401387567289 42.351441286552244),668,LIGHT,42.35144129,-71.07401388
POINT (-71.07457980799823 42.35479260306301),669,LIGHT,42.3547926,-71.07457981
POINT (-71.07465319866839 42.35492419270682),670,LIGHT,42.35492419,-71.0746532
POINT (-71.07398297250955 42.35495404661962),671,LIGHT,42.35495405,-71.07398297
POINT (-71.07429667647119 42.35486777570655),672,LIGHT,42.35486778,-71.07429668
POINT (-71.07495372612918 42.35469259679505),673,LIGHT,42.3546926,-71.07495373
POINT (-71.07500561185701 42.35482896469546),674,LIGHT,42.35482896,-71.07500561
POINT (-71.07526925067043 42.35460721764908),675,LIGHT,42.35460722,-71.07526925
POINT (-71.0752832862062 42.35475380436611),676,LIGHT,42.3547538,-71.07528329
POINT (-71.07473765853857 42.35449707324593),677,LIGHT,42.35449707,-71.07473766
POINT (-71.07447339814108 42.35445930623541),678,LIGHT,42.35445931,-71.0744734
POINT (-71.07442529543259 42.35423118815783),679,LIGHT,42.35423119,-71.0744253
POINT (-71.07425867900187 42.35400404030315),680,LIGHT,42.35400404,-71.07425868
POINT (-71.07417322072152 42.35414144135086),681,LIGHT,42.35414144,-71.07417322
POINT (-71.07387194270655 42.35422565489487),682,LIGHT,42.35422565,-71.07387194
POINT (-71.07349917840358 42.354324446538854),683,LIGHT,42.35432445,-71.07349918
POINT (-71.07314276617163 42.35441914643437),684,LIGHT,42.35441915,-71.07314277
POINT (-71.07295169356081 42.354470689908716),685,LIGHT,42.35447069,-71.07295169
POINT (-71.07332112490894 42.354372133449296),686,LIGHT,42.35437213,-71.07332112
POINT (-71.07368994393353 42.354272228501024),687,LIGHT,42.35427223,-71.07368994
POINT (-71.07402364618913 42.35418410764376),688,LIGHT,42.35418411,-71.07402365
POINT (-71.07397888101846 42.354078529482706),689,LIGHT,42.35407853,-71.07397888
POINT (-71.0732627420305 42.35427176218059),690,LIGHT,42.35427176,-71.07326274
POINT (-71.07275486073456 42.35452247274998),691,LIGHT,42.35452247,-71.07275486
POINT (-71.07260468106773 42.35456603794384),692,LIGHT,42.35456604,-71.07260468
POINT (-71.0724302586103 42.35461236492931),693,LIGHT,42.35461236,-71.07243026
POINT (-71.07238035612346 42.35450972270058),694,LIGHT,42.35450972,-71.07238036
POINT (-71.07255356754108 42.35446384863694),695,LIGHT,42.35446385,-71.07255357
POINT (-71.07381151827143 42.35412300490581),696,LIGHT,42.354123,-71.07381152
POINT (-71.0736265095181 42.35417408311443),697,LIGHT,42.35417408,-71.07362651
POINT (-71.07456596562267 42.354040838038095),698,LIGHT,42.35404084,-71.07456597
POINT (-71.07428114772038 42.35391959609318),699,LIGHT,42.3539196,-71.07428115
POINT (-71.07404846264562 42.35369801738502),700,LIGHT,42.35369802,-71.07404846
POINT (-71.07411613289636 42.353587074008075),701,LIGHT,42.35358707,-71.07411613
POINT (-71.07183338132572 42.35385039419629),702,LIGHT,42.35385039,-71.07183338
POINT (-71.07203051233842 42.35379793702054),703,LIGHT,42.35379794,-71.07203051
POINT (-71.0722394573666 42.35374342577575),704,LIGHT,42.35374343,-71.07223946
POINT (-71.07245990292385 42.35368438703358),705,LIGHT,42.35368439,-71.0724599
POINT (-71.07267185870028 42.35362536943896),706,LIGHT,42.35362537,-71.07267186
POINT (-71.07286474363241 42.353572922065844),707,LIGHT,42.35357292,-71.07286474
POINT (-71.07307761720043 42.35351592558567),708,LIGHT,42.35351593,-71.07307762
POINT (-71.07330775280185 42.35345461104862),709,LIGHT,42.35345461,-71.07330775
POINT (-71.07351154087635 42.35339988569946),710,LIGHT,42.35339989,-71.07351154
POINT (-71.0737238009015 42.35334154071532),711,LIGHT,42.35334154,-71.0737238
POINT (-71.07344580008676 42.35330067919626),712,LIGHT,42.35330068,-71.0734458
POINT (-71.0725160227458 42.353554640483225),713,LIGHT,42.35355464,-71.07251602
POINT (-71.07171277508084 42.35372762436469),714,LIGHT,42.35372762,-71.07171278
POINT (-71.07199490637676 42.353413545957935),715,LIGHT,42.35341355,-71.07199491
POINT (-71.07180855341636 42.353921384213955),716,LIGHT,42.35392138,-71.07180855
POINT (-71.07158528821662 42.35389632404258),717,LIGHT,42.35389632,-71.07158529
POINT (-71.07151854604382 42.35375841820749),718,LIGHT,42.35375842,-71.07151855
POINT (-71.07136718855442 42.353679649477776),719,LIGHT,42.35367965,-71.07136719
POINT (-71.07162936117776 42.35355749270409),720,LIGHT,42.35355749,-71.07162936
POINT (-71.07142323412737 42.35356656936073),721,LIGHT,42.35356657,-71.07142323
POINT (-71.07182840708185 42.353347708167504),722,LIGHT,42.35334771,-71.07182841
POINT (-71.07199260824358 42.35330129813585),723,LIGHT,42.3533013,-71.07199261
POINT (-71.0722406091995 42.35323521766059),724,LIGHT,42.35323522,-71.07224061
POINT (-71.07243924945101 42.35318163193313),725,LIGHT,42.35318163,-71.07243925
POINT (-71.07264212250297 42.35312578655841),726,LIGHT,42.35312579,-71.07264212
POINT (-71.07286074787088 42.35306720123374),727,LIGHT,42.3530672,-71.07286075
POINT (-71.07307150075674 42.353010884709974),728,LIGHT,42.35301088,-71.0730715
POINT (-71.0732765014043 42.35295615617567),729,LIGHT,42.35295616,-71.0732765
POINT (-71.071520449718 42.35332876956896),730,LIGHT,42.35332877,-71.07152045
POINT (-71.0713060515155 42.35332816767649),731,LIGHT,42.35332817,-71.07130605
POINT (-71.07123165832911 42.35317458427244),732,LIGHT,42.35317458,-71.07123166
POINT (-71.07113455290715 42.352974868927106),733,LIGHT,42.35297487,-71.07113455
POINT (-71.0710153606444 42.35273297798674),734,LIGHT,42.35273298,-71.07101536
POINT (-71.07130555827837 42.35269161687086),735,LIGHT,42.35269162,-71.07130556
POINT (-71.07140303717307 42.35309224872212),736,LIGHT,42.35309225,-71.07140304
POINT (-71.07123865488067 42.35275580217219),737,LIGHT,42.3527558,-71.07123865
POINT (-71.0709377143045 42.35257534442551),738,LIGHT,42.35257534,-71.07093771
POINT (-71.07114309340228 42.352552771395914),739,LIGHT,42.35255277,-71.07114309
POINT (-71.07124217204213 42.35256278297182),740,LIGHT,42.35256278,-71.07124217
POINT (-71.07145434082865 42.352505262893786),741,LIGHT,42.35250526,-71.07145434
POINT (-71.07184373713035 42.35240055285734),742,LIGHT,42.35240055,-71.07184374
POINT (-71.07190463679572 42.35253073480756),743,LIGHT,42.35253073,-71.07190464
POINT (-71.07149564475236 42.35264207199821),744,LIGHT,42.35264207,-71.07149564
POINT (-71.07172481435803 42.35258013492253),745,LIGHT,42.35258013,-71.07172481
POINT (-71.0716850302111 42.35409714442994),746,LIGHT,42.35409714,-71.07168503
POINT (-71.07083147921921 42.35235671742085),747,LIGHT,42.35235672,-71.07083148
POINT (-71.07094990720269 42.352165752034885),748,LIGHT,42.35216575,-71.07094991
POINT (-71.07112392085449 42.352249802336026),749,LIGHT,42.3522498,-71.07112392
POINT (-71.07155677844804 42.35213558532478),750,LIGHT,42.35213559,-71.07155678
POINT (-71.07071360422889 42.35212227284945),751,LIGHT,42.35212227,-71.0707136
POINT (-71.0705244169398 42.35208455365965),752,LIGHT,42.35208455,-71.07052442
POINT (-71.07027606652554 42.35213421772536),753,LIGHT,42.35213422,-71.07027607
POINT (-71.06998520669214 42.35219202838835),754,LIGHT,42.35219203,-71.06998521
POINT (-71.069710040376 42.3522473213075),755,LIGHT,42.35224732,-71.06971004
POINT (-71.07037602166905 42.35199305371769),756,LIGHT,42.35199305,-71.07037602
POINT (-71.07010646390583 42.35205320130071),757,LIGHT,42.3520532,-71.07010646
POINT (-71.06981052915195 42.352113571884395),758,LIGHT,42.35211357,-71.06981053
POINT (-71.0699880787168 42.35197108784226),759,LIGHT,42.35197109,-71.06998808
POINT (-71.07025102919397 42.351932647975836),760,LIGHT,42.35193265,-71.07025103
POINT (-71.07055330703858 42.35180288659031),761,LIGHT,42.35180289,-71.07055331
POINT (-71.07069674242315 42.35175365766442),762,LIGHT,42.35175366,-71.07069674
POINT (-71.07061936992753 42.35159549189653),763,LIGHT,42.35159549,-71.07061937
POINT (-71.07090908748619 42.35191499735864),764,LIGHT,42.351915,-71.07090909
POINT (-71.07116737818399 42.35182399791381),765,LIGHT,42.351824,-71.07116738
POINT (-71.07148798700779 42.35174768250575),766,LIGHT,42.35174768,-71.07148799
POINT (-71.07134693386324 42.35162884141622),767,LIGHT,42.35162884,-71.07134693
POINT (-71.07103119643212 42.35171282707973),768,LIGHT,42.35171283,-71.0710312
POINT (-71.07082169109677 42.35176738985938),769,LIGHT,42.35176739,-71.07082169
POINT (-71.07048072693696 42.351859943363145),770,LIGHT,42.35185994,-71.07048073
POINT (-71.07025401127402 42.352315772662024),771,LIGHT,42.35231577,-71.07025401
POINT (-71.07082124590733 42.352769866045584),772,LIGHT,42.35276987,-71.07082125
POINT (-71.07058510361921 42.35277302949166),773,LIGHT,42.35277303,-71.0705851
POINT (-71.07060448579736 42.352986455549456),774,LIGHT,42.35298646,-71.07060449
POINT (-71.07036442856442 42.35304980819118),775,LIGHT,42.35304981,-71.07036443
POINT (-71.07058492120241 42.35340040292755),776,LIGHT,42.3534004,-71.07058492
POINT (-71.07091830262316 42.35311813220955),777,LIGHT,42.35311813,-71.0709183
POINT (-71.0707628620647 42.352962403154365),778,LIGHT,42.3529624,-71.07076286
POINT (-71.07066239114755 42.35262268586482),779,LIGHT,42.35262269,-71.07066239
POINT (-71.07042092842282 42.35261849353535),780,LIGHT,42.35261849,-71.07042093
POINT (-71.0700497020734 42.3526955332303),781,LIGHT,42.35269553,-71.0700497
POINT (-71.06985486850895 42.35266152084388),782,LIGHT,42.35266152,-71.06985487
POINT (-71.07028845214337 42.35286790768861),783,LIGHT,42.35286791,-71.07028845
POINT (-71.07047211123819 42.35247447788748),784,LIGHT,42.35247448,-71.07047211
POINT (-71.07062219432083 42.352323734545),785,LIGHT,42.35232373,-71.07062219
POINT (-71.07108378248937 42.35359907998154),786,LIGHT,42.35359908,-71.07108378
POINT (-71.0711037197111 42.35340810540342),787,LIGHT,42.35340811,-71.07110372
POINT (-71.07228333316021 42.35488728678311),788,LIGHT,42.35488729,-71.07228333
POINT (-71.07208360573571 42.354908597279454),789,LIGHT,42.3549086,-71.07208361
POINT (-71.0721892893531 42.35469542984641),790,LIGHT,42.35469543,-71.07218929
POINT (-71.07193807410322 42.35461536846929),791,LIGHT,42.35461537,-71.07193807
POINT (-71.07209057346886 42.35449488563845),792,LIGHT,42.35449489,-71.07209057
POINT (-71.07182843674792 42.35439321240975),793,LIGHT,42.35439321,-71.07182844
POINT (-71.07199560614637 42.354301917728264),794,LIGHT,42.35430192,-71.07199561
POINT (-71.07220710240856 42.3545553523677),795,LIGHT,42.35455535,-71.0722071
POINT (-71.0722583939874 42.35466039821255),796,LIGHT,42.3546604,-71.07225839
POINT (-71.07165950299617 42.354771377901876),797,LIGHT,42.35477138,-71.0716595
POINT (-71.07141904380292 42.35457017272559),798,LIGHT,42.35457017,-71.07141904
POINT (-71.07139997864367 42.35443453319362),799,LIGHT,42.35443453,-71.07139998
POINT (-71.07162147332579 42.35445998054669),800,LIGHT,42.35445998,-71.07162147
POINT (-71.07145860655457 42.35493142134795),801,LIGHT,42.35493142,-71.07145861
POINT (-71.0708398198768 42.35492748335906),802,LIGHT,42.35492748,-71.07083982
POINT (-71.07104762885236 42.35482819407964),803,LIGHT,42.35482819,-71.07104763
POINT (-71.07122241038385 42.354869892844896),804,LIGHT,42.35486989,-71.07122241
POINT (-71.07113523220832 42.35448544163233),805,LIGHT,42.35448544,-71.07113523
POINT (-71.07137617708047 42.35419681003564),806,LIGHT,42.35419681,-71.07137618
POINT (-71.07148301897557 42.35403699516319),807,LIGHT,42.354037,-71.07148302
POINT (-71.07124818141713 42.353955303435846),808,LIGHT,42.3539553,-71.07124818
POINT (-71.07114476772375 42.35410657001411),809,LIGHT,42.35410657,-71.07114477
POINT (-71.07109355799386 42.35424420274644),810,LIGHT,42.3542442,-71.07109356
POINT (-71.0706517476581 42.35436543206892),811,LIGHT,42.35436543,-71.07065175
POINT (-71.07084888394402 42.35444016191267),812,LIGHT,42.35444016,-71.07084888
POINT (-71.07094319919031 42.35459366770069),813,LIGHT,42.35459367,-71.0709432
POINT (-71.07117071429691 42.35468507657289),814,LIGHT,42.35468508,-71.07117071
POINT (-71.07174797472429 42.35496042542376),815,LIGHT,42.35496043,-71.07174797
POINT (-71.07140574949699 42.353758466019976),816,LIGHT,42.35375847,-71.07140575
POINT (-71.07072033902855 42.35394406213676),817,LIGHT,42.35394406,-71.07072034
POINT (-71.07067960104662 42.353864207304845),818,LIGHT,42.35386421,-71.0706796
POINT (-71.07037836898034 42.35403606600558),819,LIGHT,42.35403607,-71.07037837
POINT (-71.07034155801746 42.353956385976986),820,LIGHT,42.35395639,-71.07034156
POINT (-71.07013638365827 42.35407869797703),821,LIGHT,42.3540787,-71.07013638
POINT (-71.07011859707679 42.35403952195286),822,LIGHT,42.35403952,-71.0701186
POINT (-71.07001217277218 42.354111134735774),823,LIGHT,42.35411113,-71.07001217
POINT (-71.06999350586399 42.35407308796661),824,LIGHT,42.35407309,-71.06999351
POINT (-71.06981982975641 42.354120242058244),825,LIGHT,42.35412024,-71.06981983
POINT (-71.06983909988926 42.354158280308496),826,LIGHT,42.35415828,-71.0698391
POINT (-71.06971400828725 42.3541918469176),827,LIGHT,42.35419185,-71.06971401
POINT (-71.06969530151581 42.35415201017266),828,LIGHT,42.35415201,-71.0696953
POINT (-71.06945539945013 42.35428684099518),829,LIGHT,42.35428684,-71.0694554
POINT (-71.06941762907519 42.3542047100888),830,LIGHT,42.35420471,-71.06941763
POINT (-71.06916381044498 42.3543647836688),831,LIGHT,42.35436478,-71.06916381
POINT (-71.06912306385273 42.35428448080978),832,LIGHT,42.35428448,-71.06912306
POINT (-71.06941931189135 42.35450621389365),833,LIGHT,42.35450621,-71.06941931
POINT (-71.06968694797118 42.354368145051886),834,LIGHT,42.35436815,-71.06968695
POINT (-71.06972312164244 42.35453983532222),835,LIGHT,42.35453984,-71.06972312
POINT (-71.06970276474804 42.35468066636528),836,LIGHT,42.35468067,-71.06970276
POINT (-71.06986567068071 42.35493136667028),837,LIGHT,42.35493137,-71.06986567
POINT (-71.0695724655526 42.3540165581533),838,LIGHT,42.35401656,-71.06957247
POINT (-71.06923937339623 42.354020699168494),839,LIGHT,42.3540207,-71.06923937
POINT (-71.06904462019622 42.3540967670077),840,LIGHT,42.35409677,-71.06904462
POINT (-71.06901259491201 42.35380962342732),841,LIGHT,42.35380962,-71.06901259
POINT (-71.06879935895746 42.35389576966181),842,LIGHT,42.35389577,-71.06879936
POINT (-71.06873832653085 42.354066429523826),843,LIGHT,42.35406643,-71.06873833
POINT (-71.06883186725575 42.35363816254622),844,LIGHT,42.35363816,-71.06883187
POINT (-71.06882616150165 42.35335886906642),845,LIGHT,42.35335887,-71.06882616
POINT (-71.06859550163163 42.35316788230585),846,LIGHT,42.35316788,-71.0685955
POINT (-71.06884768123184 42.353162509834384),847,LIGHT,42.35316251,-71.06884768
POINT (-71.06910909759718 42.35305306625706),848,LIGHT,42.35305307,-71.0691091
POINT (-71.06930777124317 42.35295031215215),849,LIGHT,42.35295031,-71.06930777
POINT (-71.06958939249246 42.352621288315895),850,LIGHT,42.35262129,-71.06958939
POINT (-71.07054557197769 42.35314500547678),851,LIGHT,42.35314501,-71.07054557
POINT (-71.07035039604767 42.3536792977512),852,LIGHT,42.3536793,-71.0703504
POINT (-71.07019087734649 42.353805295157365),853,LIGHT,42.3538053,-71.07019088
POINT (-71.07004301046399 42.35349889375283),854,LIGHT,42.35349889,-71.07004301
POINT (-71.07010440946017 42.353357999984226),855,LIGHT,42.353358,-71.07010441
POINT (-71.07080617458662 42.35367750839694),856,LIGHT,42.35367751,-71.07080617
POINT (-71.07098463891447 42.354030138543166),857,LIGHT,42.35403014,-71.07098464
POINT (-71.07067482104243 42.354229639122124),858,LIGHT,42.35422964,-71.07067482
POINT (-71.06820004510968 42.3536795694083),859,LIGHT,42.35367957,-71.06820005
POINT (-71.06811819728065 42.353531410847424),860,LIGHT,42.35353141,-71.0681182
POINT (-71.07022169505427 42.35324950046486),861,LIGHT,42.3532495,-71.0702217
POINT (-71.07043399579975 42.35428564536954),862,LIGHT,42.35428565,-71.070434
POINT (-71.07072055799095 42.35456829128755),863,LIGHT,42.35456829,-71.07072056
POINT (-71.06929522659121 42.35467246417411),864,LIGHT,42.35467246,-71.06929523
POINT (-71.068881083768 42.35491315898117),865,LIGHT,42.35491316,-71.06888108
POINT (-71.06880259647153 42.354769415079886),866,LIGHT,42.35476942,-71.0688026
POINT (-71.06864200188927 42.35453626498018),867,LIGHT,42.35453627,-71.068642
POINT (-71.06856411844925 42.35439667530703),868,LIGHT,42.35439668,-71.06856412
POINT (-71.06853588370288 42.354287115608734),869,LIGHT,42.35428712,-71.06853588
POINT (-71.06844872204637 42.354131939410074),870,LIGHT,42.35413194,-71.06844872
POINT (-71.06828486385145 42.35383318581855),871,LIGHT,42.35383319,-71.06828486
POINT (-71.06836814365256 42.353985951009996),872,LIGHT,42.35398595,-71.06836814
POINT (-71.0686907526626 42.35424737343336),873,LIGHT,42.35424737,-71.06869075
POINT (-71.06880456524917 42.354329007381196),874,LIGHT,42.35432901,-71.06880457
POINT (-71.06887892710266 42.35448207184745),875,LIGHT,42.35448207,-71.06887893
POINT (-71.06906650829474 42.35481458160663),876,LIGHT,42.35481458,-71.06906651
POINT (-71.06944123680451 42.354867734825746),877,LIGHT,42.35486773,-71.06944124
POINT (-71.06843331151373 42.35458996759663),878,LIGHT,42.35458997,-71.06843331
POINT (-71.06836189078709 42.3544574891298),879,LIGHT,42.35445749,-71.06836189
POINT (-71.0684725088916 42.35493715519575),880,LIGHT,42.35493716,-71.06847251
POINT (-71.06831649994506 42.35465397558655),881,LIGHT,42.35465398,-71.0683165
POINT (-71.06826026336422 42.354769721031204),882,LIGHT,42.35476972,-71.06826026
POINT (-71.06798861359995 42.3547630461276),883,LIGHT,42.35476305,-71.06798861
POINT (-71.06802493443703 42.35460002915597),884,LIGHT,42.35460003,-71.06802493
POINT (-71.06821647718627 42.35447082932351),885,LIGHT,42.35447083,-71.06821648
POINT (-71.06812873422244 42.354320338518875),886,LIGHT,42.35432034,-71.06812873
POINT (-71.0680327924837 42.35434974899259),887,LIGHT,42.35434975,-71.06803279
POINT (-71.06792266667834 42.35414839933503),888,LIGHT,42.3541484,-71.06792267
POINT (-71.06791905822298 42.35393617458496),889,LIGHT,42.35393617,-71.06791906
POINT (-71.06780474174334 42.354652598974624),890,LIGHT,42.3546526,-71.06780474
POINT (-71.06785154959331 42.35491117096066),891,LIGHT,42.35491117,-71.06785155
POINT (-71.06757362053587 42.35474302772419),892,LIGHT,42.35474303,-71.06757362
POINT (-71.06731455579462 42.354671030228594),893,LIGHT,42.35467103,-71.06731456
POINT (-71.06706525191817 42.354729214048135),894,LIGHT,42.35472921,-71.06706525
POINT (-71.06685491535681 42.35467239149609),895,LIGHT,42.35467239,-71.06685492
POINT (-71.06661452092312 42.35479038811505),896,LIGHT,42.35479039,-71.06661452
POINT (-71.06676660548658 42.35485964705639),897,LIGHT,42.35485965,-71.06676661
POINT (-71.0671208358746 42.35490944185565),898,LIGHT,42.35490944,-71.06712084
POINT (-71.05550821919779 42.354898553961476),899,LIGHT,42.35489855,-71.05550822
POINT (-71.05535745837477 42.35467169187067),900,LIGHT,42.35467169,-71.05535746
POINT (-71.05647238038375 42.35476562044211),901,LIGHT,42.35476562,-71.05647238
POINT (-71.05622254740766 42.354288638266915),902,LIGHT,42.35428864,-71.05622255
POINT (-71.05618903635433 42.354131941031014),903,LIGHT,42.35413194,-71.05618904
POINT (-71.05620494453737 42.35451085862418),904,LIGHT,42.35451086,-71.05620494
POINT (-71.05601703716565 42.35453914700311),905,LIGHT,42.35453915,-71.05601704
POINT (-71.05670611184247 42.35397445326945),906,LIGHT,42.35397445,-71.05670611
POINT (-71.05673838404529 42.353995612082),907,LIGHT,42.35399561,-71.05673838
POINT (-71.05749588930985 42.354419190641906),908,LIGHT,42.35441919,-71.05749589
POINT (-71.05742680645169 42.35453498947205),909,LIGHT,42.35453499,-71.05742681
POINT (-71.05742174564796 42.354643669385105),910,LIGHT,42.35464367,-71.05742175
POINT (-71.05774255181879 42.35475315281973),911,LIGHT,42.35475315,-71.05774255
POINT (-71.05769801659875 42.35483378989455),912,LIGHT,42.35483379,-71.05769802
POINT (-71.05760957729018 42.35480720801607),913,LIGHT,42.35480721,-71.05760958
POINT (-71.05765475987808 42.35472791489903),914,LIGHT,42.35472791,-71.05765476
POINT (-71.05781896416151 42.354816277994836),915,LIGHT,42.35481628,-71.05781896
POINT (-71.05743076736255 42.35487243034341),916,LIGHT,42.35487243,-71.05743077
POINT (-71.05773245711794 42.35489770709698),917,LIGHT,42.35489771,-71.05773246
POINT (-71.05790125641445 42.35473609663296),918,LIGHT,42.3547361,-71.05790126
POINT (-71.05774269372421 42.35468822975059),919,LIGHT,42.35468823,-71.05774269
POINT (-71.05768920748305 42.3546715325041),920,LIGHT,42.35467153,-71.05768921
POINT (-71.05759738821267 42.35464578118733),921,LIGHT,42.35464578,-71.05759739
POINT (-71.05783655122531 42.35471101062361),922,LIGHT,42.35471101,-71.05783655
POINT (-71.05753132370313 42.35462591146592),923,LIGHT,42.35462591,-71.05753132
POINT (-71.05631681953743 42.35486309181895),924,LIGHT,42.35486309,-71.05631682
POINT (-71.05628758405183 42.35469880006525),925,LIGHT,42.3546988,-71.05628758
POINT (-71.0562543466207 42.35446029532814),926,LIGHT,42.3544603,-71.05625435
POINT (-71.05853927768247 42.35411464750556),927,LIGHT,42.35411465,-71.05853928
POINT (-71.05836782353059 42.353841897679416),928,LIGHT,42.3538419,-71.05836782
POINT (-71.05813854795127 42.35368166623454),929,LIGHT,42.35368167,-71.05813855
POINT (-71.05752495065308 42.35329592131138),930,LIGHT,42.35329592,-71.05752495
POINT (-71.05744799132816 42.35328266456597),931,LIGHT,42.35328266,-71.05744799
POINT (-71.05735711820815 42.35327187322885),932,LIGHT,42.35327187,-71.05735712
POINT (-71.05724010822729 42.35337979088742),933,LIGHT,42.35337979,-71.05724011
POINT (-71.05748464331276 42.35345627741743),934,LIGHT,42.35345628,-71.05748464
POINT (-71.05767991945036 42.35330436082924),935,LIGHT,42.35330436,-71.05767992
POINT (-71.05773179140299 42.35358410810288),936,LIGHT,42.35358411,-71.05773179
POINT (-71.05792361599369 42.35353701499335),937,LIGHT,42.35353702,-71.05792362
POINT (-71.05793301149328 42.353259141878134),938,LIGHT,42.35325914,-71.05793301
POINT (-71.05799451551111 42.352816395149596),939,LIGHT,42.3528164,-71.05799452
POINT (-71.05802785130629 42.35262256081174),940,LIGHT,42.35262256,-71.05802785
POINT (-71.05783254844727 42.352916267553155),941,LIGHT,42.35291627,-71.05783255
POINT (-71.05785317320745 42.35277189774022),942,LIGHT,42.3527719,-71.05785317
POINT (-71.05780836373685 42.35305280103423),943,LIGHT,42.3530528,-71.05780836
POINT (-71.05778783860293 42.353200775981996),944,LIGHT,42.35320078,-71.05778784
POINT (-71.05866055128344 42.35325240319849),945,LIGHT,42.3532524,-71.05866055
POINT (-71.05888332757547 42.35326298832258),946,LIGHT,42.35326299,-71.05888333
POINT (-71.05910462897502 42.35327517257999),947,LIGHT,42.35327517,-71.05910463
POINT (-71.058495695135 42.35333787157593),948,LIGHT,42.35333787,-71.0584957
POINT (-71.05876747666674 42.35334797524175),949,LIGHT,42.35334798,-71.05876748
POINT (-71.05788789215016 42.35370267176011),950,LIGHT,42.35370267,-71.05788789
POINT (-71.05780591152175 42.35390638603307),951,LIGHT,42.35390639,-71.05780591
POINT (-71.05769889548067 42.35408115230928),952,LIGHT,42.35408115,-71.0576989
POINT (-71.05902831152966 42.35360426153674),953,LIGHT,42.35360426,-71.05902831
POINT (-71.05929224734676 42.353277174673735),954,LIGHT,42.35327717,-71.05929225
POINT (-71.05960552030932 42.353158988958654),955,LIGHT,42.35315899,-71.05960552
POINT (-71.05942671968387 42.3533685095603),956,LIGHT,42.35336851,-71.05942672
POINT (-71.05880028192544 42.354305369391795),957,LIGHT,42.35430537,-71.05880028
POINT (-71.05898764474433 42.35459363934665),958,LIGHT,42.35459364,-71.05898764
POINT (-71.05886958828376 42.35470441754364),959,LIGHT,42.35470442,-71.05886959
POINT (-71.05915234510363 42.35457549346928),960,LIGHT,42.35457549,-71.05915235
POINT (-71.05931823100117 42.35448942491588),961,LIGHT,42.35448942,-71.05931823
POINT (-71.05945302254034 42.354431583582006),962,LIGHT,42.35443158,-71.05945302
POINT (-71.05921553082318 42.354409142157934),963,LIGHT,42.35440914,-71.05921553
POINT (-71.05970691233586 42.35406134057916),964,LIGHT,42.35406134,-71.05970691
POINT (-71.05981352920026 42.35396494760036),965,LIGHT,42.35396495,-71.05981353
POINT (-71.05942973061264 42.35431240110443),966,LIGHT,42.3543124,-71.05942973
POINT (-71.05960473390866 42.35415530616463),967,LIGHT,42.35415531,-71.05960473
POINT (-71.05997452908403 42.35398678903495),968,LIGHT,42.35398679,-71.05997453
POINT (-71.06011110917021 42.35385913797218),969,LIGHT,42.35385914,-71.06011111
POINT (-71.06026004740828 42.35371456260861),970,LIGHT,42.35371456,-71.06026005
POINT (-71.06014302554718 42.353644968176894),971,LIGHT,42.35364497,-71.06014303
POINT (-71.06010284893496 42.35358809343031),972,LIGHT,42.35358809,-71.06010285
POINT (-71.05943285035649 42.35475909081254),973,LIGHT,42.35475909,-71.05943285
POINT (-71.05959066003417 42.35488203046561),974,LIGHT,42.35488203,-71.05959066
POINT (-71.05872723890523 42.354838588304204),975,LIGHT,42.35483859,-71.05872724
POINT (-71.05953223439255 42.352938332184344),976,LIGHT,42.35293833,-71.05953223
POINT (-71.05939227570322 42.35296476244984),977,LIGHT,42.35296476,-71.05939228
POINT (-71.05951313611126 42.35278537779823),978,LIGHT,42.35278538,-71.05951314
POINT (-71.05936288697647 42.352788341218876),979,LIGHT,42.35278834,-71.05936289
POINT (-71.05933875834546 42.35261025478363),980,LIGHT,42.35261025,-71.05933876
POINT (-71.05927246267726 42.35244084759924),981,LIGHT,42.35244085,-71.05927246
POINT (-71.0591065635897 42.35253009318445),982,LIGHT,42.35253009,-71.05910656
POINT (-71.05889584791068 42.35250394098448),983,LIGHT,42.35250394,-71.05889585
POINT (-71.05866945200201 42.35247740681622),984,LIGHT,42.35247741,-71.05866945
POINT (-71.05842153404171 42.35245048976135),985,LIGHT,42.35245049,-71.05842153
POINT (-71.05852866341895 42.352355685324326),986,LIGHT,42.35235569,-71.05852866
POINT (-71.05866765816984 42.35237038224313),987,LIGHT,42.35237038,-71.05866766
POINT (-71.05927000716706 42.351798452046204),988,LIGHT,42.35179845,-71.05927001
POINT (-71.05955176205221 42.35168035633225),989,LIGHT,42.35168036,-71.05955176
POINT (-71.05964944833597 42.351776962652636),990,LIGHT,42.35177696,-71.05964945
POINT (-71.0596977773513 42.35201783894238),991,LIGHT,42.35201784,-71.05969778
POINT (-71.05974414934705 42.35232040200042),992,LIGHT,42.3523204,-71.05974415
POINT (-71.05936808702188 42.351900554593804),993,LIGHT,42.35190055,-71.05936809
POINT (-71.0598535583229 42.352596870078116),994,LIGHT,42.35259687,-71.05985356
POINT (-71.05977331717322 42.352615036009595),995,LIGHT,42.35261504,-71.05977332
POINT (-71.05956352726663 42.35257804276524),996,LIGHT,42.35257804,-71.05956353
POINT (-71.0595561185476 42.35259825024651),997,LIGHT,42.35259825,-71.05955612
POINT (-71.0599799026433 42.35270425693452),998,LIGHT,42.35270426,-71.0599799
POINT (-71.06062695535864 42.35305058480116),999,LIGHT,42.35305058,-71.06062696
