{
  "project_info": {
    "project_number": "5903042593",
    "firebase_url": "https://memary-e3a59.firebaseio.com",
    "project_id": "memary-e3a59",
    "storage_bucket": "memary-e3a59.appspot.com"
  },
  "client": [
    {
      "client_info": {
        "mobilesdk_app_id": "1:5903042593:android:fd59b04274dd0a56f77b60",
        "android_client_info": {
          "package_name": "com.killerwhale.memary"
        }
      },
      "oauth_client": [
        {
          "client_id": "5903042593-lsnifkb6qgugq4pul1fml6tpctnc90pq.apps.googleusercontent.com",
          "client_type": 1,
          "android_info": {
            "package_name": "com.killerwhale.memary",
            "certificate_hash": "d3169ffbbd92702200dfeca96adc221115c1dade"
          }
        },
        {
          "client_id": "5903042593-s774d0frh67eeg5oni67bsb27rc9i2lt.apps.googleusercontent.com",
          "client_type": 1,
          "android_info": {
            "package_name": "com.killerwhale.memary",
            "certificate_hash": "a5009b50edfc1496e4a18a6935b664077e9e990a"
          }
        },
        {
          "client_id": "5903042593-v4bfd103a9k54bleajnu8pp96risu4ps.apps.googleusercontent.com",
          "client_type": 1,
          "android_info": {
            "package_name": "com.killerwhale.memary",
            "certificate_hash": "eba27724a4b44e054c590b3ce7c524ffdb8936cb"
          }
        },
        {
          "client_id": "5903042593-g0etc1oiui8i1t2io6jpu6pv3itrk9rg.apps.googleusercontent.com",
          "client_type": 1,
          "android_info": {
            "package_name": "com.killerwhale.memary",
            "certificate_hash": "e7469fb745fdef41cfaf01ddb24bd41f4bf2d3ee"
          }
        },
        {
          "client_id": "5903042593-mqpto2unukn4133f7vsuqsksen1u5rmt.apps.googleusercontent.com",
          "client_type": 1,
          "android_info": {
            "package_name": "com.killerwhale.memary",
            "certificate_hash": "e083e92992adbf4ba5ad8d065477d7953c3b648b"
          }
        }
      ],
      "api_key": [
        {
          "current_key": "AIzaSyCcwwdxW14lLy_YpXScbJW0-TbaQYPJUDQ"
        }
      ],
      "services": {
        "appinvite_service": {
          "other_platform_oauth_client": [
            {
              "client_id": "5903042593-co16j99n04sppcedrljsijudtd7apr23.apps.googleusercontent.com",
              "client_type": 3
            }
          ]
        }
      }
    }
  ],
  "configuration_version": "1"
}